,s2.i,s1.i,s2name,s1name,jw,jaccard,dl,lv
1744,8,140,SRI NAGAR,Sri Nagar ,0.033333333,0,1,1
726,3,143,KASTA,Kasta ,0.055555556,0.2,1,1
13,1,175,175-LUCKNOW CANTT.,Lucknow Cantt.,0.074074074,0.266666667,4,4
1641,6,369,Machhlishahr S.C.,Machhlishahr ,0.078431373,0.1,4,4
1676,7,311,Mahadewa S.C,Mahadewa ,0.083333333,0.3,3,3
1923,9,247,Vishwanathganj,Bishwavnathganj,0.093650794,0.090909091,2,2
1494,4,372,Kerakat S.C.,Kerakat ,0.111111111,0.333333333,4,4
1507,5,109,Kishani (SC),Kishani ,0.111111111,0.3,4,4
716,3,131,KASTA,Katra,0.133333333,0.4,2,2
1807,8,267,SRI NAGAR,Ram Nagar,0.148148148,0.375,3,3
599,2,282,BALHA (S.C.),Balha ,0.166666667,0.5,NA,NA
1712,8,57,SRI NAGAR,Modi Nagar,0.174074074,0.4,3,3
1842,8,333,SRI NAGAR,Kushinagar,0.174074074,0.4,4,4
11,1,173,175-LUCKNOW CANTT.,Lucknow East,0.203703704,0.411764706,8,8
689,3,100,KASTA,Kasganj,0.20952381,NA,3,3
862,3,334,KASTA,Hata,0.216666667,0.6,2,2
12,1,174,175-LUCKNOW CANTT.,Lucknow Central,0.219444444,0.411764706,8,8
1901,9,121,Vishwanathganj,Nawabganj,0.221560847,0.545454545,NA,NA
10,1,172,175-LUCKNOW CANTT.,Lucknow North,0.225071225,0.470588235,9,9
1950,9,365,Vishwanathganj,Shahganj,0.226190476,0.4,NA,NA
1759,8,170,SRI NAGAR,Sarojini Nagar,0.23015873,0.222222222,5,5
624,3,15,KASTA,Khatauli,0.233333333,0.625,5,5
819,3,277,KASTA,Katehari,0.233333333,NA,5,5
1921,9,242,Vishwanathganj,Husainganj,0.244973545,0.363636364,NA,NA
9,1,171,175-LUCKNOW CANTT.,Lucknow West,0.25,0.470588235,9,9
571,2,94,BALHA (S.C.),Bah,0.25,0.7,NA,NA
1674,7,285,Mahadewa S.C,Mahasi,0.25,NA,NA,NA
1687,7,397,Mahadewa S.C,Majhawan,0.25,NA,NA,NA
1938,9,308,Vishwanathganj,Kaptanganj,0.251190476,0.583333333,NA,NA
1721,8,80,SRI NAGAR,Sikandra Rao,0.252314815,0.4,8,8
732,3,150,KASTA,Sevata,0.261111111,0.5,4,4
1784,8,212,SRI NAGAR,Govindnagar,0.262626263,0.5,5,5
1825,8,302,SRI NAGAR,Shohratgarh,0.262626263,NA,6,6
634,3,25,KASTA,Kanth,0.266666667,0.5,2,2
793,3,243,KASTA,Khaga,0.266666667,0.666666667,3,3
830,3,288,KASTA,Kaiserganj,0.266666667,NA,6,6
1907,9,149,Vishwanathganj,Biswan,0.26984127,0.545454545,NA,NA
1912,9,176,Vishwanathganj,Mohanlalganj ,0.271062271,NA,8,8
651,3,45,KASTA,Hastinapur ,0.278787879,NA,7,7
838,3,297,KASTA,Katra Bazar,0.278787879,NA,NA,NA
848,3,310,KASTA,Basti Sadar,0.278787879,NA,NA,NA
1904,9,138,Vishwanathganj,Nighasan,0.279761905,NA,NA,NA
598,2,264,BALHA (S.C.),Bara ,0.288888889,NA,NA,NA
1476,4,229,Kerakat S.C.,Rath ,0.288888889,0.6,NA,NA
1660,7,105,Mahadewa S.C,Marhara,0.28968254,NA,NA,NA
1929,9,276,Vishwanathganj,Goshainganj,0.290764791,0.363636364,7,7
1581,6,145,Machhlishahr S.C.,Maholi,0.290849673,0.545454545,NA,NA
1730,8,99,SRI NAGAR,Sirsaganj,0.291005291,0.25,5,5
1939,9,314,Vishwanathganj,Dhanghata ,0.292857143,0.583333333,NA,NA
1786,8,214,SRI NAGAR,Arya Nagar,0.293121693,0.375,3,3
1791,8,223,SRI NAGAR,Jhansi Nagar,0.293981481,0.222222222,5,5
1726,8,92,SRI NAGAR,Kheragarh,0.296296296,NA,6,6
1853,8,352,SRI NAGAR,Mehnagar ,0.296296296,0.5,5,5
1568,6,106,Machhlishahr S.C.,Jalesar ,0.299019608,NA,NA,NA
678,3,81,KASTA,Chhata,0.3,0.666666667,4,4
698,3,110,KASTA,Karhal,0.3,NA,3,3
826,3,284,KASTA,Matera,0.3,NA,4,4
859,3,329,KASTA,Khadda,0.3,0.666666667,3,3
881,3,358,KASTA,Rasara,0.3,NA,3,3
1680,7,338,Mahadewa S.C,Pathardeva,0.3,NA,NA,NA
1898,9,113,Vishwanathganj,Sahaswan,0.303571429,0.5,NA,NA
1900,9,117,Vishwanathganj,Dataganj,0.303571429,0.545454545,NA,NA
1891,9,66,Vishwanathganj,Syana,0.304761905,NA,NA,NA
1872,8,388,SRI NAGAR,Varanasi North,0.30489418,0.454545455,NA,NA
1780,8,207,SRI NAGAR,Sikandra,0.305555556,0.444444444,NA,NA
1917,9,215,Vishwanathganj,Kidwai Nagar,0.305555556,NA,NA,NA
16,1,216,175-LUCKNOW CANTT.,Kanpur Cantt.,0.308404558,NA,10,10
1727,8,96,SRI NAGAR,Jasrana,0.31005291,0.5,NA,NA
1803,8,255,SRI NAGAR,Soraon ,0.31005291,0.375,NA,NA
1951,9,373,Vishwanathganj,Jakhanian ,0.314285714,NA,NA,NA
1663,7,177,Mahadewa S.C,Bachhrawan ,0.318181818,NA,NA,NA
1811,8,272,SRI NAGAR,Haidergarh ,0.318181818,0.5,7,7
585,2,160,BALHA (S.C.),Balamau ,0.319444444,0.666666667,NA,NA
600,2,286,BALHA (S.C.),Bahraich,0.319444444,NA,NA,NA
1508,5,112,Kishani (SC),Bisauli ,0.319444444,NA,NA,NA
1577,6,137,Machhlishahr S.C.,Palia,0.321568627,0.727272727,NA,NA
619,3,8,KASTA,Kairana,0.323809524,NA,4,4
671,3,73,KASTA,Atrauli,0.323809524,NA,6,6
681,3,84,KASTA,Mathura,0.323809524,NA,5,5
1925,9,250,Vishwanathganj,Raniganj,0.327380952,NA,NA,NA
1745,8,146,SRI NAGAR,Sitapur,0.328042328,0.6,5,5
1909,9,155,Vishwanathganj,Shahabad,0.329365079,NA,NA,NA
1618,6,279,Machhlishahr S.C.,Alapur ,0.330532213,0.666666667,NA,NA
1672,7,261,Mahadewa S.C,Allahabad West,0.332010582,0.461538462,10,10
1677,7,312,Mahadewa S.C,Menhdawal,0.332010582,0.5,NA,NA
1915,9,199,Vishwanathganj,Jaswantnagar,0.332010582,0.363636364,NA,NA
1911,9,166,Vishwanathganj,Bhagwantnagar,0.332722833,0.5,NA,NA
1564,6,78,Machhlishahr S.C.,Hathras ,0.332983193,NA,NA,NA
605,2,342,BALHA (S.C.),Barhaj,0.333333333,0.75,NA,NA
1512,5,152,Kishani (SC),Sidhauli ,0.333333333,NA,NA,NA
1515,5,164,Kishani (SC),Mohan ,0.333333333,0.666666667,NA,NA
1518,5,181,Kishani (SC),Salon ,0.333333333,NA,NA,NA
1520,5,187,Kishani (SC),Isauli,0.333333333,NA,NA,NA
1656,7,39,Mahadewa S.C,Dhanaura ,0.333333333,NA,NA,NA
1662,7,168,Mahadewa S.C,Malihabad,0.333333333,NA,NA,NA
1669,7,230,Mahadewa S.C,Mahoba,0.333333333,NA,NA,NA
1679,7,318,Mahadewa S.C,Maharajganj ,0.333333333,NA,8,8
898,3,381,KASTA,Sakaldiha,0.335185185,NA,6,6
1707,8,44,SRI NAGAR,Sardhana,0.339814815,0.555555556,NA,NA
1871,8,387,SRI NAGAR,Rohaniya,0.339814815,0.6,NA,NA
648,3,42,KASTA,Hasanpur,0.341666667,NA,6,6
691,3,102,KASTA,Patiyali,0.341666667,0.75,6,6
763,3,198,KASTA,Kannauj ,0.341666667,NA,5,5
834,3,292,KASTA,Gainsari,0.341666667,NA,6,6
852,3,316,KASTA,Nautanwa,0.341666667,NA,5,5
857,3,325,KASTA,Khajani ,0.341666667,NA,6,6
858,3,327,KASTA,Bansgaon,0.341666667,NA,5,5
561,2,43,BALHA (S.C.),Siwalkhas,0.342592593,NA,NA,NA
1893,9,82,Vishwanathganj,Mant,0.345238095,NA,NA,NA
1936,9,305,Vishwanathganj,Itwa,0.345238095,0.6,NA,NA
1645,6,383,Machhlishahr S.C.,Chakia ,0.346638655,NA,NA,NA
1690,8,3,SRI NAGAR,Saharanpur Nagar,0.349537037,0.4,8,8
1504,5,71,Kishani (SC),Khair ,0.35,0.545454545,NA,NA
1764,8,183,SRI NAGAR,Unchahar,0.351851852,NA,6,6
1785,8,213,SRI NAGAR,Sishamau,0.351851852,NA,5,5
1794,8,232,SRI NAGAR,Tindwari,0.351851852,NA,6,6
1849,8,347,SRI NAGAR,Azamgarh,0.351851852,NA,NA,NA
1869,8,385,SRI NAGAR,Ajagara ,0.351851852,0.5,NA,NA
666,3,67,KASTA,Anupshahr,0.355555556,NA,7,7
685,3,93,KASTA,Fatehabad,0.355555556,NA,7,7
759,3,192,KASTA,Kaimganj ,0.355555556,NA,6,6
772,3,211,KASTA,Kalyanpur,0.355555556,NA,6,6
806,3,257,KASTA,Pratappur,0.355555556,0.714285714,7,7
870,3,343,KASTA,Atrauliya,0.355555556,NA,7,7
1710,8,54,SRI NAGAR,Muradnagar,0.355555556,0.6,4,4
1831,8,317,SRI NAGAR,Siswa,0.355555556,NA,NA,NA
1847,8,345,SRI NAGAR,Sagri,0.355555556,0.285714286,NA,NA
1857,8,361,SRI NAGAR,Ballia Nagar,0.355820106,0.333333333,5,5
588,2,190,BALHA (S.C.),Lambhua,0.356349206,0.666666667,NA,NA
1657,7,40,Mahadewa S.C,Naugawan Sadat,0.357142857,NA,NA,NA
1932,9,290,Vishwanathganj,Shrawasti,0.357142857,0.454545455,NA,NA
1947,9,350,Vishwanathganj,Didarganj,0.357142857,NA,NA,NA
1554,6,38,Machhlishahr S.C.,Milak ,0.35751634,0.545454545,NA,NA
1563,6,77,Machhlishahr S.C.,Iglas ,0.35751634,NA,NA,NA
1944,9,324,Vishwanathganj,Sahajanwa,0.35978836,0.4,NA,NA
601,2,294,BALHA (S.C.),Balrampur ,0.361111111,NA,8,8
1667,7,217,Mahadewa S.C,Maharajpur,0.361111111,NA,7,7
1916,9,201,Vishwanathganj,Bharthana ,0.361904762,NA,NA,NA
635,3,26,KASTA,Thakurdwara,0.362121212,0.666666667,9,9
1906,9,141,Vishwanathganj,Dhaurahra,0.362433862,NA,NA,NA
1766,8,185,SRI NAGAR,Gauriganj,0.362962963,0.444444444,NA,NA
562,2,52,BALHA (S.C.),Baghpat,0.365079365,NA,NA,NA
567,2,85,BALHA (S.C.),Baldev ,0.365079365,0.692307692,NA,NA
610,2,367,BALHA (S.C.),Malhani,0.365079365,NA,NA,NA
1464,4,70,Kerakat S.C.,Khurja ,0.365079365,0.666666667,NA,NA
1482,4,265,Kerakat S.C.,Koraon ,0.365079365,NA,NA,NA
1688,7,399,Mahadewa S.C,Marihan,0.365079365,NA,NA,NA
622,3,12,KASTA,Charthawal,0.366666667,NA,7,7
768,3,205,KASTA,Rasulabad ,0.366666667,NA,7,7
773,3,218,KASTA,Ghatampur ,0.366666667,NA,8,8
797,3,248,KASTA,Pratapgarh,0.366666667,NA,NA,NA
809,3,260,KASTA,Karachhana,0.366666667,NA,7,7
849,3,313,KASTA,Khalilabad,0.366666667,NA,7,7
1611,6,252,Machhlishahr S.C.,Manjhanpur ,0.367201426,0.642857143,NA,NA
1711,8,55,SRI NAGAR,Sahibabad,0.37037037,NA,6,6
1719,8,69,SRI NAGAR,Shikarpur,0.37037037,NA,6,6
1810,8,270,SRI NAGAR,Dariyabad,0.37037037,0.7,6,6
1702,8,28,SRI NAGAR,Moradabad Nagar,0.370899471,0.545454545,8,8
1661,7,151,Mahadewa S.C,Mahmoodabad,0.373737374,0.666666667,8,8
1716,8,64,SRI NAGAR,Sikandrabad,0.373737374,0.5,7,7
1682,7,355,Mahadewa S.C,Muhammadabad- Gohna (SC),0.375,NA,NA,NA
664,3,65,KASTA,Bulandshahr,0.375757576,NA,NA,NA
842,3,303,KASTA,Kapilvastu ,0.375757576,0.6,7,7
897,3,380,KASTA,Mughalsarai,0.375757576,NA,8,8
1952,9,379,Vishwanathganj,Zamania,0.376190476,NA,NA,NA
1789,8,221,SRI NAGAR,Orai ,0.376851852,0.5,NA,NA
1903,9,135,Vishwanathganj,Shahjahanpur,0.376984127,0.615384615,NA,NA
1883,9,9,Vishwanathganj,Thana Bhawan,0.378968254,0.583333333,NA,NA
1945,9,332,Vishwanathganj,Fazilnagar,0.379365079,NA,NA,NA
1763,8,182,SRI NAGAR,Sareni,0.37962963,0.375,NA,NA
1816,8,289,SRI NAGAR,Bhinga,0.37962963,NA,NA,NA
1884,9,11,Vishwanathganj,Budhana,0.380952381,NA,NA,NA
1889,9,58,Vishwanathganj,Dholana,0.380952381,NA,NA,NA
1892,9,79,Vishwanathganj,Sadabad,0.380952381,NA,NA,NA
1761,8,180,SRI NAGAR,Rae Bareli,0.381481481,NA,NA,NA
1867,8,382,SRI NAGAR,Saiyadraja,0.381481481,0.6,7,7
1543,6,10,Machhlishahr S.C.,Shamli,0.382352941,0.4,NA,NA
1608,6,241,Machhlishahr S.C.,Ayah Shah,0.382352941,NA,NA,NA
574,2,114,BALHA (S.C.),Bilsi,0.383333333,0.727272727,NA,NA
580,2,126,BALHA (S.C.),Aonla,0.383333333,NA,NA,NA
594,2,235,BALHA (S.C.),Banda,0.383333333,NA,NA,NA
602,2,304,BALHA (S.C.),Bansi,0.383333333,NA,NA,NA
867,3,340,KASTA,Bhatpar Rani,0.383333333,NA,NA,NA
1452,4,1,Kerakat S.C.,Behat,0.383333333,NA,NA,NA
1483,4,266,Kerakat S.C.,Kursi,0.383333333,NA,NA,NA
1514,5,158,Kishani (SC),Sandi ,0.383333333,NA,NA,NA
1668,7,219,Mahadewa S.C,Madhaugarh,0.383333333,NA,NA,NA
1625,6,300,Machhlishahr S.C.,Mankapur ,0.383442266,NA,NA,NA
1697,8,14,SRI NAGAR,Muzaffar Nagar,0.383597884,0.545454545,8,8
1873,8,389,SRI NAGAR,Varanasi South,0.383597884,0.5,NA,NA
1922,9,245,Vishwanathganj,Babaganj,0.384920635,0.636363636,NA,NA
1729,8,98,SRI NAGAR,Shikohabad,0.385185185,NA,6,6
1524,5,234,Kishani (SC),Naraini ,0.386111111,NA,NA,NA
1655,7,35,Mahadewa S.C,Chamraua,0.386111111,NA,NA,NA
558,2,19,BALHA (S.C.),Barhapur,0.388888889,0.769230769,NA,NA
582,2,128,BALHA (S.C.),Barkhera,0.388888889,NA,NA,NA
609,2,364,BALHA (S.C.),Badlapur,0.388888889,0.785714286,NA,NA
1460,4,48,Kerakat S.C.,Meerut  ,0.388888889,0.636363636,NA,NA
1461,4,49,Kerakat S.C.,Meerut South,0.388888889,0.615384615,9,9
1511,5,147,Kishani (SC),Hargaon ,0.388888889,NA,NA,NA
1513,5,153,Kishani (SC),Misrikh ,0.388888889,NA,NA,NA
1652,7,4,Mahadewa S.C,Saharanpur  ,0.388888889,NA,9,9
1666,7,204,Mahadewa S.C,Auraiya ,0.388888889,NA,NA,NA
1683,7,356,Mahadewa S.C,Mau,0.388888889,NA,NA,NA
1686,7,378,Mahadewa S.C,Mohammadabad,0.388888889,0.666666667,9,9
1700,8,22,SRI NAGAR,Bijnor,0.388888889,0.7,NA,NA
1740,8,133,SRI NAGAR,Tilhar,0.388888889,NA,NA,NA
1790,8,222,SRI NAGAR,Babina,0.388888889,0.625,NA,NA
1844,8,337,SRI NAGAR,Deoria,0.388888889,0.7,NA,NA
1878,8,398,SRI NAGAR,Chunar,0.388888889,NA,NA,NA
1556,6,50,Machhlishahr S.C.,Chhaprauli,0.388970588,0.5,NA,NA
1497,4,390,Kerakat S.C.,Varanasi Cantt.,0.391666667,0.416666667,10,10
1913,9,189,Vishwanathganj,Sadar,0.395238095,NA,NA,NA
1914,9,197,Vishwanathganj,Tirwa,0.395238095,0.636363636,NA,NA
1930,9,278,Vishwanathganj,Tanda,0.395238095,NA,NA,NA
1856,8,359,SRI NAGAR,Sikanderpur,0.396632997,0.583333333,8,8
1,1,47,175-LUCKNOW CANTT.,Meerut Cantt.,0.396723647,NA,10,10
1545,6,18,Machhlishahr S.C.,Nagina ,0.397759104,NA,NA,NA
1566,6,103,Machhlishahr S.C.,Aliganj,0.397759104,NA,NA,NA
746,3,169,KASTA,Bakshi Kaa Talab,0.4,NA,NA,NA
774,3,220,KASTA,Kalpi,0.4,0.714285714,3,3
796,3,246,KASTA,Kunda,0.4,0.714285714,3,3
798,3,249,KASTA,Patti,0.4,0.666666667,3,3
841,3,301,KASTA,Gaura,0.4,NA,3,3
1480,4,244,Kerakat S.C.,Rampur Khas,0.401515152,NA,NA,NA
1792,8,224,SRI NAGAR,Mauranipur ,0.401515152,0.5,NA,NA
1612,6,253,Machhlishahr S.C.,Chail,0.401960784,0.5,NA,NA
1550,6,33,Machhlishahr S.C.,Sambhal,0.402194211,NA,NA,NA
1561,6,74,Machhlishahr S.C.,Chharra,0.402194211,0.6,NA,NA
1562,6,76,Machhlishahr S.C.,Aligarh,0.402194211,0.545454545,NA,NA
1927,9,258,Vishwanathganj,Handia,0.403174603,NA,NA,NA
1940,9,315,Vishwanathganj,Pharenda,0.404761905,NA,NA,NA
1833,8,319,SRI NAGAR,Paniyara,0.406481481,0.555555556,NA,NA
1538,5,395,Kishani (SC),Chhanbey ,0.407407407,NA,NA,NA
1670,7,238,Mahadewa S.C,Jahanabad,0.409259259,NA,NA,NA
1594,6,196,Machhlishahr S.C.,Chhibramau,0.409803922,0.5,NA,NA
1579,6,142,Machhlishahr S.C.,Lakhimpur,0.410130719,0.538461538,NA,NA
8,1,165,175-LUCKNOW CANTT.,Unnao,0.411111111,0.733333333,NA,NA
655,3,51,KASTA,Baraut,0.411111111,0.714285714,4,5
764,3,200,KASTA,Etawah,0.411111111,NA,5,5
1500,5,31,Kishani (SC),Chandausi ,0.411111111,0.416666667,NA,NA
1753,8,161,SRI NAGAR,Sandila,0.411375661,0.555555556,NA,NA
1802,8,251,SRI NAGAR,Sirathu,0.411375661,NA,NA,NA
1813,8,283,SRI NAGAR,Nanpara,0.411375661,0.625,NA,NA
579,2,125,BALHA (S.C.),Bareilly Cantt.,0.411904762,NA,NA,NA
597,2,263,BALHA (S.C.),Allahabad South,0.411904762,0.571428571,11,11
1632,6,331,Machhlishahr S.C.,Tamkuhi Raj,0.412528648,0.571428571,NA,NA
1733,8,111,SRI NAGAR,Gunnaur,0.412698413,0.5,NA,NA
1776,8,202,SRI NAGAR,Bidhuna,0.412698413,NA,NA,NA
1782,8,209,SRI NAGAR,Bilhaur,0.412698413,NA,NA,NA
1812,8,274,SRI NAGAR,Bikapur,0.412698413,0.727272727,NA,NA
1819,8,293,SRI NAGAR,Utraula,0.412698413,NA,NA,NA
1870,8,386,SRI NAGAR,Shivpur,0.412698413,NA,6,6
1934,9,299,Vishwanathganj,Tarabganj,0.412698413,0.583333333,NA,NA
1605,6,231,Machhlishahr S.C.,Charkhari,0.413009648,NA,NA,NA
1724,8,89,SRI NAGAR,Agra North,0.414814815,0.5,7,7
560,2,41,BALHA (S.C.),Amroha,0.416666667,NA,NA,NA
575,2,115,BALHA (S.C.),Badaun,0.416666667,NA,NA,NA
576,2,118,BALHA (S.C.),Baheri,0.416666667,NA,NA,NA
608,2,363,BALHA (S.C.),Bairia,0.416666667,NA,NA,NA
613,2,394,BALHA (S.C.),Aurai ,0.416666667,NA,NA,NA
1499,5,30,Kishani (SC),Bilari,0.416666667,NA,NA,NA
1502,5,59,Kishani (SC),Hapur ,0.416666667,NA,NA,NA
1704,8,34,SRI NAGAR,Suar,0.416666667,0.625,NA,NA
1722,8,87,SRI NAGAR,Agra Cantt. ,0.416666667,NA,NA,NA
1681,7,353,Mahadewa S.C,Madhuban,0.419444444,0.692307692,NA,NA
1868,8,384,SRI NAGAR,Pindra,0.421296296,0.555555556,NA,NA
1569,6,107,Machhlishahr S.C.,Mainpuri,0.421568627,NA,NA,NA
1592,6,191,Machhlishahr S.C.,Kadipur ,0.421568627,NA,NA,NA
1603,6,227,Machhlishahr S.C.,Mehroni ,0.421568627,0.615384615,NA,NA
1606,6,237,Machhlishahr S.C.,Manikpur,0.421568627,NA,NA,NA
1615,6,269,Machhlishahr S.C.,Zaidpur ,0.421568627,NA,NA,NA
1619,6,280,Machhlishahr S.C.,Jalalpur,0.421568627,0.769230769,NA,NA
1509,5,123,Kishani (SC),Bithari Chainpur,0.421626984,0.6,11,11
569,2,88,BALHA (S.C.),Agra South,0.422222222,NA,NA,NA
639,3,32,KASTA,Asmoli,0.422222222,NA,5,5
753,3,186,KASTA,Amethi,0.422222222,NA,5,5
1654,7,27,Mahadewa S.C,Moradabad Rural,0.422222222,NA,10,10
1851,8,349,SRI NAGAR,Phoolpur Pawai,0.423280423,NA,11,11
1894,9,83,Vishwanathganj,Goverdhan,0.423280423,0.642857143,NA,NA
1905,9,139,Vishwanathganj,Gola Gokrannath,0.423412698,NA,NA,NA
1881,8,402,SRI NAGAR,Obra,0.425925926,0.777777778,NA,NA
1552,6,36,Machhlishahr S.C.,Bilaspur,0.426960784,0.615384615,NA,NA
1604,6,228,Machhlishahr S.C.,Hamirpur,0.426960784,0.583333333,NA,NA
1634,6,341,Machhlishahr S.C.,Salempur,0.426960784,0.615384615,NA,NA
1685,7,377,Mahadewa S.C,Zahoorabad,0.427777778,NA,NA,NA
1713,8,60,SRI NAGAR,Garhmukteshwar,0.429100529,NA,NA,NA
1885,9,17,Vishwanathganj,Najibabad,0.429100529,0.666666667,NA,NA
1926,9,254,Vishwanathganj,Phaphamau,0.429100529,NA,NA,NA
1760,8,179,SRI NAGAR,Harchandpur,0.42996633,NA,8,8
1698,8,16,SRI NAGAR,Meerapur,0.430555556,NA,NA,NA
1703,8,29,SRI NAGAR,Kundarki,0.430555556,0.6,NA,NA
1737,8,122,SRI NAGAR,Faridpur,0.430555556,0.727272727,NA,NA
1755,8,163,SRI NAGAR,Safipur ,0.430555556,0.5,NA,NA
1771,8,193,SRI NAGAR,Amritpur,0.430555556,NA,NA,NA
1793,8,225,SRI NAGAR,Garautha,0.430555556,NA,NA,NA
1814,8,287,SRI NAGAR,Payagpur,0.430555556,0.7,NA,NA
1817,8,291,SRI NAGAR,Tulsipur,0.430555556,NA,NA,NA
1843,8,336,SRI NAGAR,Rudrapur,0.430555556,0.8,6,6
1861,8,370,SRI NAGAR,Mariyahu,0.430555556,NA,NA,NA
1862,8,371,SRI NAGAR,Zafrabad,0.430555556,0.818181818,NA,NA
1863,8,374,SRI NAGAR,Saidpur ,0.430555556,0.5,NA,NA
1874,8,391,SRI NAGAR,Sevapuri,0.430555556,0.636363636,NA,NA
1879,8,400,SRI NAGAR,Ghorawal,0.430555556,NA,NA,NA
1664,7,194,Mahadewa S.C,Farrukhabad,0.434343434,NA,NA,NA
1736,8,119,SRI NAGAR,Meerganj,0.435185185,0.6,NA,NA
1738,8,129,SRI NAGAR,Puranpur,0.435185185,0.666666667,NA,NA
1739,8,130,SRI NAGAR,Bisalpur,0.435185185,NA,NA,NA
1828,8,307,SRI NAGAR,Harraiya,0.435185185,NA,NA,NA
1840,8,330,SRI NAGAR,Padrauna,0.435185185,0.7,NA,NA
1877,8,396,SRI NAGAR,Mirzapur,0.435185185,NA,6,6
1946,9,339,Vishwanathganj,Rampur Karkhana,0.436507937,NA,NA,NA
1631,6,328,Machhlishahr S.C.,Chillupar,0.437908497,0.5,NA,NA
1692,8,6,SRI NAGAR,Rampur Maniharan ,0.437908497,NA,13,13
1860,8,368,SRI NAGAR,Mungra Badshahpur,0.437908497,0.538461538,NA,NA
630,3,21,KASTA,Nehtaur,0.438095238,NA,5,5
652,3,46,KASTA,Kithore,0.438095238,NA,6,6
670,3,72,KASTA,Barauli,0.438095238,NA,6,6
690,3,101,KASTA,Amanpur,0.438095238,NA,6,6
719,3,134,KASTA,Powayan,0.438095238,NA,6,6
720,3,136,KASTA,Dadraul,0.438095238,NA,5,5
818,3,275,KASTA,Ayodhya,0.438095238,NA,6,6
863,3,335,KASTA,Ramkola,0.438095238,NA,5,5
877,3,351,KASTA,Lalganj,0.438095238,NA,5,5
883,3,362,KASTA,Bansdih,0.438095238,NA,5,5
1897,9,108,Vishwanathganj,Bhongaon,0.439285714,0.666666667,NA,NA
607,2,357,BALHA (S.C.),Belthara Road ,0.44047619,NA,10,10
572,2,104,BALHA (S.C.),Etah,0.444444444,NA,NA,NA
1481,4,259,Kerakat S.C.,Meja,0.444444444,NA,NA,NA
1505,5,75,Kishani (SC),Koil,0.444444444,NA,NA,NA
1777,8,203,SRI NAGAR,Dibiyapur,0.444444444,0.75,7,7
1850,8,348,SRI NAGAR,Nizamabad,0.444444444,0.727272727,NA,NA
1675,7,295,Mahadewa S.C,Mehnaun,0.448412698,0.666666667,NA,NA
730,3,148,KASTA,Laharpur,0.45,NA,7,7
736,3,157,KASTA,Gopamau ,0.45,NA,7,7
779,3,226,KASTA,Lalitpur,0.45,NA,6,6
1835,8,322,SRI NAGAR,Gorakhpur Urban,0.45,0.615384615,NA,NA
1836,8,323,SRI NAGAR,Gorakhpur Rural,0.45,NA,NA,NA
1617,6,273,Machhlishahr S.C.,Milkipur ,0.450108932,0.615384615,NA,NA
1589,6,184,Machhlishahr S.C.,Jagdishpur ,0.450534759,NA,NA,NA
1529,5,321,Kishani (SC),Pipraich,0.452777778,NA,NA,NA
1837,8,326,SRI NAGAR,Chauri-Chaura,0.453276353,NA,9,10
1728,8,97,SRI NAGAR,Firozabad,0.453703704,0.75,6,7
1748,8,154,SRI NAGAR,Sawaijpur,0.453703704,NA,7,7
1767,8,188,SRI NAGAR,Sultanpur,0.453703704,0.636363636,6,NA
1781,8,208,SRI NAGAR,Bhognipur,0.453703704,0.666666667,7,7
1808,8,268,SRI NAGAR,Barabanki,0.453703704,0.555555556,NA,NA
1620,6,281,Machhlishahr S.C.,Akbarpur  ,0.454901961,NA,NA,NA
1910,9,159,Vishwanathganj,Bilgram-Mallanwan,0.457983193,NA,13,13
578,2,124,BALHA (S.C.),Bareilly,0.458333333,NA,NA,NA
1453,4,13,Kerakat S.C.,Purqazi ,0.458333333,NA,NA,NA
1456,4,37,Kerakat S.C.,Rampur  ,0.458333333,NA,NA,NA
1493,4,360,Kerakat S.C.,Phephana,0.458333333,NA,NA,NA
1498,5,23,Kishani (SC),Chandpur,0.458333333,0.714285714,NA,NA
1510,5,144,Kishani (SC),Mohammdi,0.458333333,NA,NA,NA
1525,5,239,Kishani (SC),Bindki,0.458333333,0.75,NA,NA
1528,5,309,Kishani (SC),Rudhauli,0.458333333,NA,NA,NA
658,3,56,KASTA,Ghaziabad,0.459259259,NA,7,7
717,3,132,KASTA,Jalalabad,0.459259259,NA,7,7
740,3,162,KASTA,Bangermau,0.459259259,NA,7,7
1714,8,61,SRI NAGAR,Noida,0.459259259,0.666666667,NA,NA
1715,8,62,SRI NAGAR,Dadri,0.459259259,0.625,NA,NA
1757,8,167,SRI NAGAR,Purwa,0.459259259,0.8,NA,NA
1820,8,296,SRI NAGAR,Gonda,0.459259259,0.666666667,NA,NA
1854,8,354,SRI NAGAR,Ghosi,0.459259259,NA,NA,NA
570,2,91,BALHA (S.C.),Fatehpur Sikri,0.46031746,NA,11,11
1557,6,53,Machhlishahr S.C.,Loni,0.460784314,NA,NA,NA
1725,8,90,SRI NAGAR,Agra Rural ,0.463299663,0.555555556,8,8
1937,9,306,Vishwanathganj,Doomariyaganj,0.463369963,NA,NA,NA
1943,9,320,Vishwanathganj,Caimpiyarganj,0.463369963,NA,NA,NA
1928,9,262,Vishwanathganj,Allahabad North,0.463492063,NA,NA,NA
1614,6,256,Machhlishahr S.C.,Phulpur,0.464985994,0.75,NA,NA
1616,6,271,Machhlishahr S.C.,Rudauli,0.464985994,0.666666667,NA,NA
1651,6,403,Machhlishahr S.C.,Duddhi ,0.464985994,NA,NA,NA
873,3,346,KASTA,Mubarakpur,0.466666667,NA,NA,NA
1607,6,240,Machhlishahr S.C.,Fatehpur   ,0.467023173,NA,NA,NA
1902,9,127,Vishwanathganj,Pilibhit,0.470238095,NA,NA,NA
577,2,120,BALHA (S.C.),Bhojipura,0.472222222,NA,NA,NA
1466,4,86,Kerakat S.C.,Etmadpur,0.472222222,0.692307692,NA,NA
1865,8,376,SRI NAGAR,Jangipur,0.476851852,0.5,NA,NA
566,2,68,BALHA (S.C.),Debai,0.477777778,NA,NA,NA
1516,5,178,Kishani (SC),Tiloi,0.477777778,NA,NA,NA
1880,8,401,SRI NAGAR,Robertsganj,0.480639731,NA,NA,NA
1546,6,20,Machhlishahr S.C.,Dhampur,0.481092437,0.692307692,NA,NA
1647,6,392,Machhlishahr S.C.,Bhadohi,0.481092437,NA,NA,NA
1693,8,7,SRI NAGAR,Gangoh,0.481481481,NA,NA,NA
1749,8,156,SRI NAGAR,Hardoi,0.481481481,NA,NA,NA
1636,6,344,Machhlishahr S.C.,Gopalpur,0.482843137,NA,NA,NA
1899,9,116,Vishwanathganj,Shekhupur,0.484126984,NA,NA,NA
18,1,298,175-LUCKNOW CANTT.,Colonelganj,0.484848485,NA,NA,NA
1890,9,63,Vishwanathganj,Jewar,0.485714286,NA,NA,NA
1541,6,2,Machhlishahr S.C.,Nakur,0.494117647,NA,NA,NA
1701,8,24,SRI NAGAR,Noorpur,0.497354497,0.8,NA,NA
1783,8,210,SRI NAGAR,Bithoor,0.497354497,NA,NA,NA
1859,8,366,SRI NAGAR,Jaunpur,0.497354497,0.7,NA,NA
593,2,233,BALHA (S.C.),Baberu,0.5,NA,NA,NA
4,1,95,175-LUCKNOW CANTT.,Tundla ,0.502645503,0.625,NA,NA
1643,6,375,Machhlishahr S.C.,Ghazipur,0.504901961,NA,NA,NA
17,1,236,175-LUCKNOW CANTT.,Chitrakoot,0.507407407,NA,NA,NA
1595,6,206,Machhlishahr S.C.,Akbarpur - Raniya,0.509803922,NA,NA,NA
556,2,5,BALHA (S.C.),Deoband,0.515873016,NA,NA,NA
589,2,195,BALHA (S.C.),Bhojpur,0.515873016,0.866666667,NA,NA
1537,5,393,Kishani (SC),Gyanpur,0.515873016,NA,NA,NA
19,1,404,175-LUCKNOW CANTT.,,1,Inf,NA,NA
20,1,405,175-LUCKNOW CANTT.,,1,Inf,NA,NA
21,1,406,175-LUCKNOW CANTT.,,1,Inf,NA,NA
22,1,407,175-LUCKNOW CANTT.,,1,Inf,NA,NA
23,1,408,175-LUCKNOW CANTT.,,1,Inf,NA,NA
24,1,409,175-LUCKNOW CANTT.,,1,Inf,NA,NA
25,1,410,175-LUCKNOW CANTT.,,1,Inf,NA,NA
26,1,411,175-LUCKNOW CANTT.,,1,Inf,NA,NA
27,1,412,175-LUCKNOW CANTT.,,1,Inf,NA,NA
28,1,413,175-LUCKNOW CANTT.,,1,Inf,NA,NA
29,1,414,175-LUCKNOW CANTT.,,1,Inf,NA,NA
30,1,415,175-LUCKNOW CANTT.,,1,Inf,NA,NA
31,1,416,175-LUCKNOW CANTT.,,1,Inf,NA,NA
32,1,417,175-LUCKNOW CANTT.,,1,Inf,NA,NA
33,1,418,175-LUCKNOW CANTT.,,1,Inf,NA,NA
34,1,419,175-LUCKNOW CANTT.,,1,Inf,NA,NA
35,1,420,175-LUCKNOW CANTT.,,1,Inf,NA,NA
36,1,421,175-LUCKNOW CANTT.,,1,Inf,NA,NA
37,1,422,175-LUCKNOW CANTT.,,1,Inf,NA,NA
38,1,423,175-LUCKNOW CANTT.,,1,Inf,NA,NA
39,1,424,175-LUCKNOW CANTT.,,1,Inf,NA,NA
40,1,425,175-LUCKNOW CANTT.,,1,Inf,NA,NA
41,1,426,175-LUCKNOW CANTT.,,1,Inf,NA,NA
42,1,427,175-LUCKNOW CANTT.,,1,Inf,NA,NA
43,1,428,175-LUCKNOW CANTT.,,1,Inf,NA,NA
44,1,429,175-LUCKNOW CANTT.,,1,Inf,NA,NA
45,1,430,175-LUCKNOW CANTT.,,1,Inf,NA,NA
46,1,431,175-LUCKNOW CANTT.,,1,Inf,NA,NA
47,1,432,175-LUCKNOW CANTT.,,1,Inf,NA,NA
48,1,433,175-LUCKNOW CANTT.,,1,Inf,NA,NA
49,1,434,175-LUCKNOW CANTT.,,1,Inf,NA,NA
50,1,435,175-LUCKNOW CANTT.,,1,Inf,NA,NA
51,1,436,175-LUCKNOW CANTT.,,1,Inf,NA,NA
52,1,437,175-LUCKNOW CANTT.,,1,Inf,NA,NA
53,1,438,175-LUCKNOW CANTT.,,1,Inf,NA,NA
54,1,439,175-LUCKNOW CANTT.,,1,Inf,NA,NA
55,1,440,175-LUCKNOW CANTT.,,1,Inf,NA,NA
56,1,441,175-LUCKNOW CANTT.,,1,Inf,NA,NA
57,1,442,175-LUCKNOW CANTT.,,1,Inf,NA,NA
58,1,443,175-LUCKNOW CANTT.,,1,Inf,NA,NA
59,1,444,175-LUCKNOW CANTT.,,1,Inf,NA,NA
60,1,445,175-LUCKNOW CANTT.,,1,Inf,NA,NA
61,1,446,175-LUCKNOW CANTT.,,1,Inf,NA,NA
62,1,447,175-LUCKNOW CANTT.,,1,Inf,NA,NA
63,1,448,175-LUCKNOW CANTT.,,1,Inf,NA,NA
64,1,449,175-LUCKNOW CANTT.,,1,Inf,NA,NA
65,1,450,175-LUCKNOW CANTT.,,1,Inf,NA,NA
66,1,451,175-LUCKNOW CANTT.,,1,Inf,NA,NA
67,1,452,175-LUCKNOW CANTT.,,1,Inf,NA,NA
68,1,453,175-LUCKNOW CANTT.,,1,Inf,NA,NA
69,1,454,175-LUCKNOW CANTT.,,1,Inf,NA,NA
70,1,455,175-LUCKNOW CANTT.,,1,Inf,NA,NA
71,1,456,175-LUCKNOW CANTT.,,1,Inf,NA,NA
72,1,457,175-LUCKNOW CANTT.,,1,Inf,NA,NA
73,1,458,175-LUCKNOW CANTT.,,1,Inf,NA,NA
74,1,459,175-LUCKNOW CANTT.,,1,Inf,NA,NA
75,1,460,175-LUCKNOW CANTT.,,1,Inf,NA,NA
76,1,461,175-LUCKNOW CANTT.,,1,Inf,NA,NA
77,1,462,175-LUCKNOW CANTT.,,1,Inf,NA,NA
78,1,463,175-LUCKNOW CANTT.,,1,Inf,NA,NA
79,1,464,175-LUCKNOW CANTT.,,1,Inf,NA,NA
80,1,465,175-LUCKNOW CANTT.,,1,Inf,NA,NA
81,1,466,175-LUCKNOW CANTT.,,1,Inf,NA,NA
82,1,467,175-LUCKNOW CANTT.,,1,Inf,NA,NA
83,1,468,175-LUCKNOW CANTT.,,1,Inf,NA,NA
84,1,469,175-LUCKNOW CANTT.,,1,Inf,NA,NA
85,1,470,175-LUCKNOW CANTT.,,1,Inf,NA,NA
86,1,471,175-LUCKNOW CANTT.,,1,Inf,NA,NA
87,1,472,175-LUCKNOW CANTT.,,1,Inf,NA,NA
88,1,473,175-LUCKNOW CANTT.,,1,Inf,NA,NA
89,1,474,175-LUCKNOW CANTT.,,1,Inf,NA,NA
90,1,475,175-LUCKNOW CANTT.,,1,Inf,NA,NA
91,1,476,175-LUCKNOW CANTT.,,1,Inf,NA,NA
92,1,477,175-LUCKNOW CANTT.,,1,Inf,NA,NA
93,1,478,175-LUCKNOW CANTT.,,1,Inf,NA,NA
94,1,479,175-LUCKNOW CANTT.,,1,Inf,NA,NA
95,1,480,175-LUCKNOW CANTT.,,1,Inf,NA,NA
96,1,481,175-LUCKNOW CANTT.,,1,Inf,NA,NA
97,1,482,175-LUCKNOW CANTT.,,1,Inf,NA,NA
98,1,483,175-LUCKNOW CANTT.,,1,Inf,NA,NA
99,1,484,175-LUCKNOW CANTT.,,1,Inf,NA,NA
100,1,485,175-LUCKNOW CANTT.,,1,Inf,NA,NA
101,1,486,175-LUCKNOW CANTT.,,1,Inf,NA,NA
102,1,487,175-LUCKNOW CANTT.,,1,Inf,NA,NA
103,1,488,175-LUCKNOW CANTT.,,1,Inf,NA,NA
104,1,489,175-LUCKNOW CANTT.,,1,Inf,NA,NA
105,1,490,175-LUCKNOW CANTT.,,1,Inf,NA,NA
106,1,491,175-LUCKNOW CANTT.,,1,Inf,NA,NA
107,1,492,175-LUCKNOW CANTT.,,1,Inf,NA,NA
108,1,493,175-LUCKNOW CANTT.,,1,Inf,NA,NA
109,1,494,175-LUCKNOW CANTT.,,1,Inf,NA,NA
110,1,495,175-LUCKNOW CANTT.,,1,Inf,NA,NA
111,1,496,175-LUCKNOW CANTT.,,1,Inf,NA,NA
112,1,497,175-LUCKNOW CANTT.,,1,Inf,NA,NA
113,1,498,175-LUCKNOW CANTT.,,1,Inf,NA,NA
114,1,499,175-LUCKNOW CANTT.,,1,Inf,NA,NA
115,1,500,175-LUCKNOW CANTT.,,1,Inf,NA,NA
116,1,501,175-LUCKNOW CANTT.,,1,Inf,NA,NA
117,1,502,175-LUCKNOW CANTT.,,1,Inf,NA,NA
118,1,503,175-LUCKNOW CANTT.,,1,Inf,NA,NA
119,1,504,175-LUCKNOW CANTT.,,1,Inf,NA,NA
120,1,505,175-LUCKNOW CANTT.,,1,Inf,NA,NA
121,1,506,175-LUCKNOW CANTT.,,1,Inf,NA,NA
122,1,507,175-LUCKNOW CANTT.,,1,Inf,NA,NA
123,1,508,175-LUCKNOW CANTT.,,1,Inf,NA,NA
124,1,509,175-LUCKNOW CANTT.,,1,Inf,NA,NA
125,1,510,175-LUCKNOW CANTT.,,1,Inf,NA,NA
126,1,511,175-LUCKNOW CANTT.,,1,Inf,NA,NA
127,1,512,175-LUCKNOW CANTT.,,1,Inf,NA,NA
128,1,513,175-LUCKNOW CANTT.,,1,Inf,NA,NA
129,1,514,175-LUCKNOW CANTT.,,1,Inf,NA,NA
130,1,515,175-LUCKNOW CANTT.,,1,Inf,NA,NA
131,1,516,175-LUCKNOW CANTT.,,1,Inf,NA,NA
132,1,517,175-LUCKNOW CANTT.,,1,Inf,NA,NA
133,1,518,175-LUCKNOW CANTT.,,1,Inf,NA,NA
134,1,519,175-LUCKNOW CANTT.,,1,Inf,NA,NA
135,1,520,175-LUCKNOW CANTT.,,1,Inf,NA,NA
136,1,521,175-LUCKNOW CANTT.,,1,Inf,NA,NA
137,1,522,175-LUCKNOW CANTT.,,1,Inf,NA,NA
138,1,523,175-LUCKNOW CANTT.,,1,Inf,NA,NA
139,1,524,175-LUCKNOW CANTT.,,1,Inf,NA,NA
140,1,525,175-LUCKNOW CANTT.,,1,Inf,NA,NA
141,1,526,175-LUCKNOW CANTT.,,1,Inf,NA,NA
142,1,527,175-LUCKNOW CANTT.,,1,Inf,NA,NA
143,1,528,175-LUCKNOW CANTT.,,1,Inf,NA,NA
144,1,529,175-LUCKNOW CANTT.,,1,Inf,NA,NA
145,1,530,175-LUCKNOW CANTT.,,1,Inf,NA,NA
146,1,531,175-LUCKNOW CANTT.,,1,Inf,NA,NA
147,1,532,175-LUCKNOW CANTT.,,1,Inf,NA,NA
148,1,533,175-LUCKNOW CANTT.,,1,Inf,NA,NA
149,1,534,175-LUCKNOW CANTT.,,1,Inf,NA,NA
150,1,535,175-LUCKNOW CANTT.,,1,Inf,NA,NA
151,1,536,175-LUCKNOW CANTT.,,1,Inf,NA,NA
152,1,537,175-LUCKNOW CANTT.,,1,Inf,NA,NA
153,1,538,175-LUCKNOW CANTT.,,1,Inf,NA,NA
154,1,539,175-LUCKNOW CANTT.,,1,Inf,NA,NA
155,1,540,175-LUCKNOW CANTT.,,1,Inf,NA,NA
156,1,541,175-LUCKNOW CANTT.,,1,Inf,NA,NA
157,1,542,175-LUCKNOW CANTT.,,1,Inf,NA,NA
158,1,543,175-LUCKNOW CANTT.,,1,Inf,NA,NA
159,1,544,175-LUCKNOW CANTT.,,1,Inf,NA,NA
160,1,545,175-LUCKNOW CANTT.,,1,Inf,NA,NA
161,1,546,175-LUCKNOW CANTT.,,1,Inf,NA,NA
162,1,547,175-LUCKNOW CANTT.,,1,Inf,NA,NA
163,1,548,175-LUCKNOW CANTT.,,1,Inf,NA,NA
164,1,549,175-LUCKNOW CANTT.,,1,Inf,NA,NA
165,1,550,175-LUCKNOW CANTT.,,1,Inf,NA,NA
166,1,551,175-LUCKNOW CANTT.,,1,Inf,NA,NA
167,1,552,175-LUCKNOW CANTT.,,1,Inf,NA,NA
168,1,553,175-LUCKNOW CANTT.,,1,Inf,NA,NA
169,1,554,175-LUCKNOW CANTT.,,1,Inf,NA,NA
170,1,555,175-LUCKNOW CANTT.,,1,Inf,NA,NA
171,1,556,175-LUCKNOW CANTT.,,1,Inf,NA,NA
172,1,557,175-LUCKNOW CANTT.,,1,Inf,NA,NA
173,1,558,175-LUCKNOW CANTT.,,1,Inf,NA,NA
174,1,559,175-LUCKNOW CANTT.,,1,Inf,NA,NA
175,1,560,175-LUCKNOW CANTT.,,1,Inf,NA,NA
176,1,561,175-LUCKNOW CANTT.,,1,Inf,NA,NA
177,1,562,175-LUCKNOW CANTT.,,1,Inf,NA,NA
178,1,563,175-LUCKNOW CANTT.,,1,Inf,NA,NA
179,1,564,175-LUCKNOW CANTT.,,1,Inf,NA,NA
180,1,565,175-LUCKNOW CANTT.,,1,Inf,NA,NA
181,1,566,175-LUCKNOW CANTT.,,1,Inf,NA,NA
182,1,567,175-LUCKNOW CANTT.,,1,Inf,NA,NA
183,1,568,175-LUCKNOW CANTT.,,1,Inf,NA,NA
184,1,569,175-LUCKNOW CANTT.,,1,Inf,NA,NA
185,1,570,175-LUCKNOW CANTT.,,1,Inf,NA,NA
186,1,571,175-LUCKNOW CANTT.,,1,Inf,NA,NA
187,1,572,175-LUCKNOW CANTT.,,1,Inf,NA,NA
188,1,573,175-LUCKNOW CANTT.,,1,Inf,NA,NA
189,1,574,175-LUCKNOW CANTT.,,1,Inf,NA,NA
190,1,575,175-LUCKNOW CANTT.,,1,Inf,NA,NA
191,1,576,175-LUCKNOW CANTT.,,1,Inf,NA,NA
192,1,577,175-LUCKNOW CANTT.,,1,Inf,NA,NA
193,1,578,175-LUCKNOW CANTT.,,1,Inf,NA,NA
194,1,579,175-LUCKNOW CANTT.,,1,Inf,NA,NA
195,1,580,175-LUCKNOW CANTT.,,1,Inf,NA,NA
196,1,581,175-LUCKNOW CANTT.,,1,Inf,NA,NA
197,1,582,175-LUCKNOW CANTT.,,1,Inf,NA,NA
198,1,583,175-LUCKNOW CANTT.,,1,Inf,NA,NA
199,1,584,175-LUCKNOW CANTT.,,1,Inf,NA,NA
200,1,585,175-LUCKNOW CANTT.,,1,Inf,NA,NA
201,1,586,175-LUCKNOW CANTT.,,1,Inf,NA,NA
202,1,587,175-LUCKNOW CANTT.,,1,Inf,NA,NA
203,1,588,175-LUCKNOW CANTT.,,1,Inf,NA,NA
204,1,589,175-LUCKNOW CANTT.,,1,Inf,NA,NA
205,1,590,175-LUCKNOW CANTT.,,1,Inf,NA,NA
206,1,591,175-LUCKNOW CANTT.,,1,Inf,NA,NA
207,1,592,175-LUCKNOW CANTT.,,1,Inf,NA,NA
208,1,593,175-LUCKNOW CANTT.,,1,Inf,NA,NA
209,1,594,175-LUCKNOW CANTT.,,1,Inf,NA,NA
210,1,595,175-LUCKNOW CANTT.,,1,Inf,NA,NA
211,1,596,175-LUCKNOW CANTT.,,1,Inf,NA,NA
212,1,597,175-LUCKNOW CANTT.,,1,Inf,NA,NA
213,1,598,175-LUCKNOW CANTT.,,1,Inf,NA,NA
214,1,599,175-LUCKNOW CANTT.,,1,Inf,NA,NA
215,1,600,175-LUCKNOW CANTT.,,1,Inf,NA,NA
216,1,601,175-LUCKNOW CANTT.,,1,Inf,NA,NA
217,1,602,175-LUCKNOW CANTT.,,1,Inf,NA,NA
218,1,603,175-LUCKNOW CANTT.,,1,Inf,NA,NA
219,1,604,175-LUCKNOW CANTT.,,1,Inf,NA,NA
220,1,605,175-LUCKNOW CANTT.,,1,Inf,NA,NA
221,1,606,175-LUCKNOW CANTT.,,1,Inf,NA,NA
222,1,607,175-LUCKNOW CANTT.,,1,Inf,NA,NA
223,1,608,175-LUCKNOW CANTT.,,1,Inf,NA,NA
224,1,609,175-LUCKNOW CANTT.,,1,Inf,NA,NA
225,1,610,175-LUCKNOW CANTT.,,1,Inf,NA,NA
226,1,611,175-LUCKNOW CANTT.,,1,Inf,NA,NA
227,1,612,175-LUCKNOW CANTT.,,1,Inf,NA,NA
228,1,613,175-LUCKNOW CANTT.,,1,Inf,NA,NA
229,1,614,175-LUCKNOW CANTT.,,1,Inf,NA,NA
230,1,615,175-LUCKNOW CANTT.,,1,Inf,NA,NA
231,1,616,175-LUCKNOW CANTT.,,1,Inf,NA,NA
232,1,617,175-LUCKNOW CANTT.,,1,Inf,NA,NA
233,1,618,175-LUCKNOW CANTT.,,1,Inf,NA,NA
234,1,619,175-LUCKNOW CANTT.,,1,Inf,NA,NA
235,1,620,175-LUCKNOW CANTT.,,1,Inf,NA,NA
236,1,621,175-LUCKNOW CANTT.,,1,Inf,NA,NA
237,1,622,175-LUCKNOW CANTT.,,1,Inf,NA,NA
238,1,623,175-LUCKNOW CANTT.,,1,Inf,NA,NA
239,1,624,175-LUCKNOW CANTT.,,1,Inf,NA,NA
240,1,625,175-LUCKNOW CANTT.,,1,Inf,NA,NA
241,1,626,175-LUCKNOW CANTT.,,1,Inf,NA,NA
242,1,627,175-LUCKNOW CANTT.,,1,Inf,NA,NA
243,1,628,175-LUCKNOW CANTT.,,1,Inf,NA,NA
244,1,629,175-LUCKNOW CANTT.,,1,Inf,NA,NA
245,1,630,175-LUCKNOW CANTT.,,1,Inf,NA,NA
246,1,631,175-LUCKNOW CANTT.,,1,Inf,NA,NA
247,1,632,175-LUCKNOW CANTT.,,1,Inf,NA,NA
248,1,633,175-LUCKNOW CANTT.,,1,Inf,NA,NA
249,1,634,175-LUCKNOW CANTT.,,1,Inf,NA,NA
250,1,635,175-LUCKNOW CANTT.,,1,Inf,NA,NA
251,1,636,175-LUCKNOW CANTT.,,1,Inf,NA,NA
252,1,637,175-LUCKNOW CANTT.,,1,Inf,NA,NA
253,1,638,175-LUCKNOW CANTT.,,1,Inf,NA,NA
254,1,639,175-LUCKNOW CANTT.,,1,Inf,NA,NA
255,1,640,175-LUCKNOW CANTT.,,1,Inf,NA,NA
256,1,641,175-LUCKNOW CANTT.,,1,Inf,NA,NA
257,1,642,175-LUCKNOW CANTT.,,1,Inf,NA,NA
258,1,643,175-LUCKNOW CANTT.,,1,Inf,NA,NA
259,1,644,175-LUCKNOW CANTT.,,1,Inf,NA,NA
260,1,645,175-LUCKNOW CANTT.,,1,Inf,NA,NA
261,1,646,175-LUCKNOW CANTT.,,1,Inf,NA,NA
262,1,647,175-LUCKNOW CANTT.,,1,Inf,NA,NA
263,1,648,175-LUCKNOW CANTT.,,1,Inf,NA,NA
264,1,649,175-LUCKNOW CANTT.,,1,Inf,NA,NA
265,1,650,175-LUCKNOW CANTT.,,1,Inf,NA,NA
266,1,651,175-LUCKNOW CANTT.,,1,Inf,NA,NA
267,1,652,175-LUCKNOW CANTT.,,1,Inf,NA,NA
268,1,653,175-LUCKNOW CANTT.,,1,Inf,NA,NA
269,1,654,175-LUCKNOW CANTT.,,1,Inf,NA,NA
270,1,655,175-LUCKNOW CANTT.,,1,Inf,NA,NA
271,1,656,175-LUCKNOW CANTT.,,1,Inf,NA,NA
272,1,657,175-LUCKNOW CANTT.,,1,Inf,NA,NA
273,1,658,175-LUCKNOW CANTT.,,1,Inf,NA,NA
274,1,659,175-LUCKNOW CANTT.,,1,Inf,NA,NA
275,1,660,175-LUCKNOW CANTT.,,1,Inf,NA,NA
276,1,661,175-LUCKNOW CANTT.,,1,Inf,NA,NA
277,1,662,175-LUCKNOW CANTT.,,1,Inf,NA,NA
278,1,663,175-LUCKNOW CANTT.,,1,Inf,NA,NA
279,1,664,175-LUCKNOW CANTT.,,1,Inf,NA,NA
280,1,665,175-LUCKNOW CANTT.,,1,Inf,NA,NA
281,1,666,175-LUCKNOW CANTT.,,1,Inf,NA,NA
282,1,667,175-LUCKNOW CANTT.,,1,Inf,NA,NA
283,1,668,175-LUCKNOW CANTT.,,1,Inf,NA,NA
284,1,669,175-LUCKNOW CANTT.,,1,Inf,NA,NA
285,1,670,175-LUCKNOW CANTT.,,1,Inf,NA,NA
286,1,671,175-LUCKNOW CANTT.,,1,Inf,NA,NA
287,1,672,175-LUCKNOW CANTT.,,1,Inf,NA,NA
288,1,673,175-LUCKNOW CANTT.,,1,Inf,NA,NA
289,1,674,175-LUCKNOW CANTT.,,1,Inf,NA,NA
290,1,675,175-LUCKNOW CANTT.,,1,Inf,NA,NA
291,1,676,175-LUCKNOW CANTT.,,1,Inf,NA,NA
292,1,677,175-LUCKNOW CANTT.,,1,Inf,NA,NA
293,1,678,175-LUCKNOW CANTT.,,1,Inf,NA,NA
294,1,679,175-LUCKNOW CANTT.,,1,Inf,NA,NA
295,1,680,175-LUCKNOW CANTT.,,1,Inf,NA,NA
296,1,681,175-LUCKNOW CANTT.,,1,Inf,NA,NA
297,1,682,175-LUCKNOW CANTT.,,1,Inf,NA,NA
298,1,683,175-LUCKNOW CANTT.,,1,Inf,NA,NA
299,1,684,175-LUCKNOW CANTT.,,1,Inf,NA,NA
300,1,685,175-LUCKNOW CANTT.,,1,Inf,NA,NA
301,1,686,175-LUCKNOW CANTT.,,1,Inf,NA,NA
302,1,687,175-LUCKNOW CANTT.,,1,Inf,NA,NA
303,1,688,175-LUCKNOW CANTT.,,1,Inf,NA,NA
304,1,689,175-LUCKNOW CANTT.,,1,Inf,NA,NA
305,1,690,175-LUCKNOW CANTT.,,1,Inf,NA,NA
306,1,691,175-LUCKNOW CANTT.,,1,Inf,NA,NA
307,1,692,175-LUCKNOW CANTT.,,1,Inf,NA,NA
308,1,693,175-LUCKNOW CANTT.,,1,Inf,NA,NA
309,1,694,175-LUCKNOW CANTT.,,1,Inf,NA,NA
310,1,695,175-LUCKNOW CANTT.,,1,Inf,NA,NA
311,1,696,175-LUCKNOW CANTT.,,1,Inf,NA,NA
312,1,697,175-LUCKNOW CANTT.,,1,Inf,NA,NA
313,1,698,175-LUCKNOW CANTT.,,1,Inf,NA,NA
314,1,699,175-LUCKNOW CANTT.,,1,Inf,NA,NA
315,1,700,175-LUCKNOW CANTT.,,1,Inf,NA,NA
316,1,701,175-LUCKNOW CANTT.,,1,Inf,NA,NA
317,1,702,175-LUCKNOW CANTT.,,1,Inf,NA,NA
318,1,703,175-LUCKNOW CANTT.,,1,Inf,NA,NA
319,1,704,175-LUCKNOW CANTT.,,1,Inf,NA,NA
320,1,705,175-LUCKNOW CANTT.,,1,Inf,NA,NA
321,1,706,175-LUCKNOW CANTT.,,1,Inf,NA,NA
322,1,707,175-LUCKNOW CANTT.,,1,Inf,NA,NA
323,1,708,175-LUCKNOW CANTT.,,1,Inf,NA,NA
324,1,709,175-LUCKNOW CANTT.,,1,Inf,NA,NA
325,1,710,175-LUCKNOW CANTT.,,1,Inf,NA,NA
326,1,711,175-LUCKNOW CANTT.,,1,Inf,NA,NA
327,1,712,175-LUCKNOW CANTT.,,1,Inf,NA,NA
328,1,713,175-LUCKNOW CANTT.,,1,Inf,NA,NA
329,1,714,175-LUCKNOW CANTT.,,1,Inf,NA,NA
330,1,715,175-LUCKNOW CANTT.,,1,Inf,NA,NA
331,1,716,175-LUCKNOW CANTT.,,1,Inf,NA,NA
332,1,717,175-LUCKNOW CANTT.,,1,Inf,NA,NA
333,1,718,175-LUCKNOW CANTT.,,1,Inf,NA,NA
334,1,719,175-LUCKNOW CANTT.,,1,Inf,NA,NA
335,1,720,175-LUCKNOW CANTT.,,1,Inf,NA,NA
336,1,721,175-LUCKNOW CANTT.,,1,Inf,NA,NA
337,1,722,175-LUCKNOW CANTT.,,1,Inf,NA,NA
338,1,723,175-LUCKNOW CANTT.,,1,Inf,NA,NA
339,1,724,175-LUCKNOW CANTT.,,1,Inf,NA,NA
340,1,725,175-LUCKNOW CANTT.,,1,Inf,NA,NA
341,1,726,175-LUCKNOW CANTT.,,1,Inf,NA,NA
342,1,727,175-LUCKNOW CANTT.,,1,Inf,NA,NA
343,1,728,175-LUCKNOW CANTT.,,1,Inf,NA,NA
344,1,729,175-LUCKNOW CANTT.,,1,Inf,NA,NA
345,1,730,175-LUCKNOW CANTT.,,1,Inf,NA,NA
346,1,731,175-LUCKNOW CANTT.,,1,Inf,NA,NA
347,1,732,175-LUCKNOW CANTT.,,1,Inf,NA,NA
348,1,733,175-LUCKNOW CANTT.,,1,Inf,NA,NA
349,1,734,175-LUCKNOW CANTT.,,1,Inf,NA,NA
350,1,735,175-LUCKNOW CANTT.,,1,Inf,NA,NA
351,1,736,175-LUCKNOW CANTT.,,1,Inf,NA,NA
352,1,737,175-LUCKNOW CANTT.,,1,Inf,NA,NA
353,1,738,175-LUCKNOW CANTT.,,1,Inf,NA,NA
354,1,739,175-LUCKNOW CANTT.,,1,Inf,NA,NA
355,1,740,175-LUCKNOW CANTT.,,1,Inf,NA,NA
356,1,741,175-LUCKNOW CANTT.,,1,Inf,NA,NA
357,1,742,175-LUCKNOW CANTT.,,1,Inf,NA,NA
358,1,743,175-LUCKNOW CANTT.,,1,Inf,NA,NA
359,1,744,175-LUCKNOW CANTT.,,1,Inf,NA,NA
360,1,745,175-LUCKNOW CANTT.,,1,Inf,NA,NA
361,1,746,175-LUCKNOW CANTT.,,1,Inf,NA,NA
362,1,747,175-LUCKNOW CANTT.,,1,Inf,NA,NA
363,1,748,175-LUCKNOW CANTT.,,1,Inf,NA,NA
364,1,749,175-LUCKNOW CANTT.,,1,Inf,NA,NA
365,1,750,175-LUCKNOW CANTT.,,1,Inf,NA,NA
366,1,751,175-LUCKNOW CANTT.,,1,Inf,NA,NA
367,1,752,175-LUCKNOW CANTT.,,1,Inf,NA,NA
368,1,753,175-LUCKNOW CANTT.,,1,Inf,NA,NA
369,1,754,175-LUCKNOW CANTT.,,1,Inf,NA,NA
370,1,755,175-LUCKNOW CANTT.,,1,Inf,NA,NA
371,1,756,175-LUCKNOW CANTT.,,1,Inf,NA,NA
372,1,757,175-LUCKNOW CANTT.,,1,Inf,NA,NA
373,1,758,175-LUCKNOW CANTT.,,1,Inf,NA,NA
374,1,759,175-LUCKNOW CANTT.,,1,Inf,NA,NA
375,1,760,175-LUCKNOW CANTT.,,1,Inf,NA,NA
376,1,761,175-LUCKNOW CANTT.,,1,Inf,NA,NA
377,1,762,175-LUCKNOW CANTT.,,1,Inf,NA,NA
378,1,763,175-LUCKNOW CANTT.,,1,Inf,NA,NA
379,1,764,175-LUCKNOW CANTT.,,1,Inf,NA,NA
380,1,765,175-LUCKNOW CANTT.,,1,Inf,NA,NA
381,1,766,175-LUCKNOW CANTT.,,1,Inf,NA,NA
382,1,767,175-LUCKNOW CANTT.,,1,Inf,NA,NA
383,1,768,175-LUCKNOW CANTT.,,1,Inf,NA,NA
384,1,769,175-LUCKNOW CANTT.,,1,Inf,NA,NA
385,1,770,175-LUCKNOW CANTT.,,1,Inf,NA,NA
386,1,771,175-LUCKNOW CANTT.,,1,Inf,NA,NA
387,1,772,175-LUCKNOW CANTT.,,1,Inf,NA,NA
388,1,773,175-LUCKNOW CANTT.,,1,Inf,NA,NA
389,1,774,175-LUCKNOW CANTT.,,1,Inf,NA,NA
390,1,775,175-LUCKNOW CANTT.,,1,Inf,NA,NA
391,1,776,175-LUCKNOW CANTT.,,1,Inf,NA,NA
392,1,777,175-LUCKNOW CANTT.,,1,Inf,NA,NA
393,1,778,175-LUCKNOW CANTT.,,1,Inf,NA,NA
394,1,779,175-LUCKNOW CANTT.,,1,Inf,NA,NA
395,1,780,175-LUCKNOW CANTT.,,1,Inf,NA,NA
396,1,781,175-LUCKNOW CANTT.,,1,Inf,NA,NA
397,1,782,175-LUCKNOW CANTT.,,1,Inf,NA,NA
398,1,783,175-LUCKNOW CANTT.,,1,Inf,NA,NA
399,1,784,175-LUCKNOW CANTT.,,1,Inf,NA,NA
400,1,785,175-LUCKNOW CANTT.,,1,Inf,NA,NA
401,1,786,175-LUCKNOW CANTT.,,1,Inf,NA,NA
402,1,787,175-LUCKNOW CANTT.,,1,Inf,NA,NA
403,1,788,175-LUCKNOW CANTT.,,1,Inf,NA,NA
404,1,789,175-LUCKNOW CANTT.,,1,Inf,NA,NA
405,1,790,175-LUCKNOW CANTT.,,1,Inf,NA,NA
406,1,791,175-LUCKNOW CANTT.,,1,Inf,NA,NA
407,1,792,175-LUCKNOW CANTT.,,1,Inf,NA,NA
408,1,793,175-LUCKNOW CANTT.,,1,Inf,NA,NA
409,1,794,175-LUCKNOW CANTT.,,1,Inf,NA,NA
410,1,795,175-LUCKNOW CANTT.,,1,Inf,NA,NA
411,1,796,175-LUCKNOW CANTT.,,1,Inf,NA,NA
412,1,797,175-LUCKNOW CANTT.,,1,Inf,NA,NA
413,1,798,175-LUCKNOW CANTT.,,1,Inf,NA,NA
414,1,799,175-LUCKNOW CANTT.,,1,Inf,NA,NA
415,1,800,175-LUCKNOW CANTT.,,1,Inf,NA,NA
416,1,801,175-LUCKNOW CANTT.,,1,Inf,NA,NA
417,1,802,175-LUCKNOW CANTT.,,1,Inf,NA,NA
418,1,803,175-LUCKNOW CANTT.,,1,Inf,NA,NA
419,1,804,175-LUCKNOW CANTT.,,1,Inf,NA,NA
420,1,805,175-LUCKNOW CANTT.,,1,Inf,NA,NA
421,1,806,175-LUCKNOW CANTT.,,1,Inf,NA,NA
422,1,807,175-LUCKNOW CANTT.,,1,Inf,NA,NA
423,1,808,175-LUCKNOW CANTT.,,1,Inf,NA,NA
424,1,809,175-LUCKNOW CANTT.,,1,Inf,NA,NA
425,1,810,175-LUCKNOW CANTT.,,1,Inf,NA,NA
426,1,811,175-LUCKNOW CANTT.,,1,Inf,NA,NA
427,1,812,175-LUCKNOW CANTT.,,1,Inf,NA,NA
428,1,813,175-LUCKNOW CANTT.,,1,Inf,NA,NA
429,1,814,175-LUCKNOW CANTT.,,1,Inf,NA,NA
430,1,815,175-LUCKNOW CANTT.,,1,Inf,NA,NA
431,1,816,175-LUCKNOW CANTT.,,1,Inf,NA,NA
432,1,817,175-LUCKNOW CANTT.,,1,Inf,NA,NA
433,1,818,175-LUCKNOW CANTT.,,1,Inf,NA,NA
434,1,819,175-LUCKNOW CANTT.,,1,Inf,NA,NA
435,1,820,175-LUCKNOW CANTT.,,1,Inf,NA,NA
436,1,821,175-LUCKNOW CANTT.,,1,Inf,NA,NA
437,1,822,175-LUCKNOW CANTT.,,1,Inf,NA,NA
438,1,823,175-LUCKNOW CANTT.,,1,Inf,NA,NA
439,1,824,175-LUCKNOW CANTT.,,1,Inf,NA,NA
440,1,825,175-LUCKNOW CANTT.,,1,Inf,NA,NA
441,1,826,175-LUCKNOW CANTT.,,1,Inf,NA,NA
442,1,827,175-LUCKNOW CANTT.,,1,Inf,NA,NA
443,1,828,175-LUCKNOW CANTT.,,1,Inf,NA,NA
444,1,829,175-LUCKNOW CANTT.,,1,Inf,NA,NA
445,1,830,175-LUCKNOW CANTT.,,1,Inf,NA,NA
446,1,831,175-LUCKNOW CANTT.,,1,Inf,NA,NA
447,1,832,175-LUCKNOW CANTT.,,1,Inf,NA,NA
448,1,833,175-LUCKNOW CANTT.,,1,Inf,NA,NA
449,1,834,175-LUCKNOW CANTT.,,1,Inf,NA,NA
450,1,835,175-LUCKNOW CANTT.,,1,Inf,NA,NA
451,1,836,175-LUCKNOW CANTT.,,1,Inf,NA,NA
452,1,837,175-LUCKNOW CANTT.,,1,Inf,NA,NA
453,1,838,175-LUCKNOW CANTT.,,1,Inf,NA,NA
454,1,839,175-LUCKNOW CANTT.,,1,Inf,NA,NA
455,1,840,175-LUCKNOW CANTT.,,1,Inf,NA,NA
456,1,841,175-LUCKNOW CANTT.,,1,Inf,NA,NA
457,1,842,175-LUCKNOW CANTT.,,1,Inf,NA,NA
458,1,843,175-LUCKNOW CANTT.,,1,Inf,NA,NA
459,1,844,175-LUCKNOW CANTT.,,1,Inf,NA,NA
460,1,845,175-LUCKNOW CANTT.,,1,Inf,NA,NA
461,1,846,175-LUCKNOW CANTT.,,1,Inf,NA,NA
462,1,847,175-LUCKNOW CANTT.,,1,Inf,NA,NA
463,1,848,175-LUCKNOW CANTT.,,1,Inf,NA,NA
464,1,849,175-LUCKNOW CANTT.,,1,Inf,NA,NA
465,1,850,175-LUCKNOW CANTT.,,1,Inf,NA,NA
466,1,851,175-LUCKNOW CANTT.,,1,Inf,NA,NA
467,1,852,175-LUCKNOW CANTT.,,1,Inf,NA,NA
468,1,853,175-LUCKNOW CANTT.,,1,Inf,NA,NA
469,1,854,175-LUCKNOW CANTT.,,1,Inf,NA,NA
470,1,855,175-LUCKNOW CANTT.,,1,Inf,NA,NA
471,1,856,175-LUCKNOW CANTT.,,1,Inf,NA,NA
472,1,857,175-LUCKNOW CANTT.,,1,Inf,NA,NA
473,1,858,175-LUCKNOW CANTT.,,1,Inf,NA,NA
474,1,859,175-LUCKNOW CANTT.,,1,Inf,NA,NA
475,1,860,175-LUCKNOW CANTT.,,1,Inf,NA,NA
476,1,861,175-LUCKNOW CANTT.,,1,Inf,NA,NA
477,1,862,175-LUCKNOW CANTT.,,1,Inf,NA,NA
478,1,863,175-LUCKNOW CANTT.,,1,Inf,NA,NA
479,1,864,175-LUCKNOW CANTT.,,1,Inf,NA,NA
480,1,865,175-LUCKNOW CANTT.,,1,Inf,NA,NA
481,1,866,175-LUCKNOW CANTT.,,1,Inf,NA,NA
482,1,867,175-LUCKNOW CANTT.,,1,Inf,NA,NA
483,1,868,175-LUCKNOW CANTT.,,1,Inf,NA,NA
484,1,869,175-LUCKNOW CANTT.,,1,Inf,NA,NA
485,1,870,175-LUCKNOW CANTT.,,1,Inf,NA,NA
486,1,871,175-LUCKNOW CANTT.,,1,Inf,NA,NA
487,1,872,175-LUCKNOW CANTT.,,1,Inf,NA,NA
488,1,873,175-LUCKNOW CANTT.,,1,Inf,NA,NA
489,1,874,175-LUCKNOW CANTT.,,1,Inf,NA,NA
490,1,875,175-LUCKNOW CANTT.,,1,Inf,NA,NA
491,1,876,175-LUCKNOW CANTT.,,1,Inf,NA,NA
492,1,877,175-LUCKNOW CANTT.,,1,Inf,NA,NA
493,1,878,175-LUCKNOW CANTT.,,1,Inf,NA,NA
494,1,879,175-LUCKNOW CANTT.,,1,Inf,NA,NA
495,1,880,175-LUCKNOW CANTT.,,1,Inf,NA,NA
496,1,881,175-LUCKNOW CANTT.,,1,Inf,NA,NA
497,1,882,175-LUCKNOW CANTT.,,1,Inf,NA,NA
498,1,883,175-LUCKNOW CANTT.,,1,Inf,NA,NA
499,1,884,175-LUCKNOW CANTT.,,1,Inf,NA,NA
500,1,885,175-LUCKNOW CANTT.,,1,Inf,NA,NA
501,1,886,175-LUCKNOW CANTT.,,1,Inf,NA,NA
502,1,887,175-LUCKNOW CANTT.,,1,Inf,NA,NA
503,1,888,175-LUCKNOW CANTT.,,1,Inf,NA,NA
504,1,889,175-LUCKNOW CANTT.,,1,Inf,NA,NA
505,1,890,175-LUCKNOW CANTT.,,1,Inf,NA,NA
506,1,891,175-LUCKNOW CANTT.,,1,Inf,NA,NA
507,1,892,175-LUCKNOW CANTT.,,1,Inf,NA,NA
508,1,893,175-LUCKNOW CANTT.,,1,Inf,NA,NA
509,1,894,175-LUCKNOW CANTT.,,1,Inf,NA,NA
510,1,895,175-LUCKNOW CANTT.,,1,Inf,NA,NA
511,1,896,175-LUCKNOW CANTT.,,1,Inf,NA,NA
512,1,897,175-LUCKNOW CANTT.,,1,Inf,NA,NA
513,1,898,175-LUCKNOW CANTT.,,1,Inf,NA,NA
514,1,899,175-LUCKNOW CANTT.,,1,Inf,NA,NA
515,1,900,175-LUCKNOW CANTT.,,1,Inf,NA,NA
516,1,901,175-LUCKNOW CANTT.,,1,Inf,NA,NA
517,1,902,175-LUCKNOW CANTT.,,1,Inf,NA,NA
518,1,903,175-LUCKNOW CANTT.,,1,Inf,NA,NA
519,1,904,175-LUCKNOW CANTT.,,1,Inf,NA,NA
520,1,905,175-LUCKNOW CANTT.,,1,Inf,NA,NA
521,1,906,175-LUCKNOW CANTT.,,1,Inf,NA,NA
522,1,907,175-LUCKNOW CANTT.,,1,Inf,NA,NA
523,1,908,175-LUCKNOW CANTT.,,1,Inf,NA,NA
524,1,909,175-LUCKNOW CANTT.,,1,Inf,NA,NA
525,1,910,175-LUCKNOW CANTT.,,1,Inf,NA,NA
526,1,911,175-LUCKNOW CANTT.,,1,Inf,NA,NA
527,1,912,175-LUCKNOW CANTT.,,1,Inf,NA,NA
528,1,913,175-LUCKNOW CANTT.,,1,Inf,NA,NA
529,1,914,175-LUCKNOW CANTT.,,1,Inf,NA,NA
530,1,915,175-LUCKNOW CANTT.,,1,Inf,NA,NA
531,1,916,175-LUCKNOW CANTT.,,1,Inf,NA,NA
532,1,917,175-LUCKNOW CANTT.,,1,Inf,NA,NA
533,1,918,175-LUCKNOW CANTT.,,1,Inf,NA,NA
534,1,919,175-LUCKNOW CANTT.,,1,Inf,NA,NA
535,1,920,175-LUCKNOW CANTT.,,1,Inf,NA,NA
536,1,921,175-LUCKNOW CANTT.,,1,Inf,NA,NA
537,1,922,175-LUCKNOW CANTT.,,1,Inf,NA,NA
538,1,923,175-LUCKNOW CANTT.,,1,Inf,NA,NA
539,1,924,175-LUCKNOW CANTT.,,1,Inf,NA,NA
540,1,925,175-LUCKNOW CANTT.,,1,Inf,NA,NA
541,1,926,175-LUCKNOW CANTT.,,1,Inf,NA,NA
542,1,927,175-LUCKNOW CANTT.,,1,Inf,NA,NA
543,1,928,175-LUCKNOW CANTT.,,1,Inf,NA,NA
544,1,929,175-LUCKNOW CANTT.,,1,Inf,NA,NA
545,1,930,175-LUCKNOW CANTT.,,1,Inf,NA,NA
546,1,931,175-LUCKNOW CANTT.,,1,Inf,NA,NA
547,1,932,175-LUCKNOW CANTT.,,1,Inf,NA,NA
548,1,933,175-LUCKNOW CANTT.,,1,Inf,NA,NA
549,1,934,175-LUCKNOW CANTT.,,1,Inf,NA,NA
550,1,935,175-LUCKNOW CANTT.,,1,Inf,NA,NA
551,1,936,175-LUCKNOW CANTT.,,1,Inf,NA,NA
552,1,937,175-LUCKNOW CANTT.,,1,Inf,NA,NA
553,1,938,175-LUCKNOW CANTT.,,1,Inf,NA,NA
554,1,939,175-LUCKNOW CANTT.,,1,Inf,NA,NA
555,1,940,175-LUCKNOW CANTT.,,1,Inf,NA,NA
2,1,58,175-LUCKNOW CANTT.,Dholana,NA,0.764705882,NA,NA
3,1,75,175-LUCKNOW CANTT.,Koil,NA,0.8125,NA,NA
5,1,125,175-LUCKNOW CANTT.,Bareilly Cantt.,NA,NA,11,11
6,1,126,175-LUCKNOW CANTT.,Aonla,NA,0.733333333,NA,NA
7,1,134,175-LUCKNOW CANTT.,Powayan,NA,0.764705882,NA,NA
14,1,178,175-LUCKNOW CANTT.,Tiloi,NA,0.8125,NA,NA
15,1,211,175-LUCKNOW CANTT.,Kalyanpur,NA,0.722222222,NA,NA
557,2,11,BALHA (S.C.),Budhana,NA,0.769230769,NA,NA
559,2,33,BALHA (S.C.),Sambhal,NA,0.545454545,NA,NA
563,2,55,BALHA (S.C.),Sahibabad,NA,0.666666667,NA,NA
564,2,60,BALHA (S.C.),Garhmukteshwar,NA,NA,11,11
565,2,65,BALHA (S.C.),Bulandshahr,NA,0.642857143,8,8
568,2,87,BALHA (S.C.),Agra Cantt. ,NA,NA,9,9
573,2,112,BALHA (S.C.),Bisauli ,NA,0.583333333,NA,NA
581,2,127,BALHA (S.C.),Pilibhit,NA,0.769230769,NA,NA
583,2,132,BALHA (S.C.),Jalalabad,NA,0.75,NA,NA
584,2,155,BALHA (S.C.),Shahabad,NA,0.636363636,NA,NA
586,2,169,BALHA (S.C.),Bakshi Kaa Talab,NA,0.538461538,NA,NA
587,2,177,BALHA (S.C.),Bachhrawan ,NA,0.615384615,9,9
590,2,205,BALHA (S.C.),Rasulabad ,NA,0.615384615,NA,NA
591,2,206,BALHA (S.C.),Akbarpur - Raniya,NA,NA,14,14
592,2,230,BALHA (S.C.),Mahoba,NA,0.75,NA,NA
595,2,241,BALHA (S.C.),Ayah Shah,NA,0.636363636,NA,NA
596,2,262,BALHA (S.C.),Allahabad North,NA,0.666666667,12,12
603,2,313,BALHA (S.C.),Khalilabad,NA,0.692307692,NA,NA
604,2,340,BALHA (S.C.),Bhatpar Rani,NA,NA,10,10
606,2,355,BALHA (S.C.),Muhammadabad- Gohna (SC),NA,0.529411765,17,17
611,2,377,BALHA (S.C.),Zahoorabad,NA,0.785714286,NA,NA
612,2,392,BALHA (S.C.),Bhadohi,NA,0.769230769,NA,NA
614,2,395,BALHA (S.C.),Chhanbey ,NA,0.615384615,NA,NA
615,3,1,KASTA,Behat,NA,0.714285714,4,5
616,3,2,KASTA,Nakur,NA,NA,4,4
617,3,5,KASTA,Deoband,NA,NA,6,6
618,3,7,KASTA,Gangoh,NA,NA,5,5
620,3,10,KASTA,Shamli,NA,NA,5,5
621,3,11,KASTA,Budhana,NA,NA,6,6
623,3,13,KASTA,Purqazi ,NA,NA,7,7
625,3,16,KASTA,Meerapur,NA,NA,7,7
626,3,17,KASTA,Najibabad,NA,NA,7,7
627,3,18,KASTA,Nagina ,NA,NA,5,5
628,3,19,KASTA,Barhapur,NA,NA,6,6
629,3,20,KASTA,Dhampur,NA,NA,6,6
631,3,22,KASTA,Bijnor,NA,NA,6,6
632,3,23,KASTA,Chandpur,NA,NA,7,7
633,3,24,KASTA,Noorpur,NA,NA,7,7
636,3,29,KASTA,Kundarki,NA,NA,6,6
637,3,30,KASTA,Bilari,NA,NA,6,6
638,3,31,KASTA,Chandausi ,NA,NA,8,8
640,3,33,KASTA,Sambhal,NA,NA,5,5
641,3,34,KASTA,Suar,NA,NA,4,4
642,3,35,KASTA,Chamraua,NA,NA,6,6
643,3,36,KASTA,Bilaspur,NA,NA,6,6
644,3,37,KASTA,Rampur  ,NA,NA,7,7
645,3,38,KASTA,Milak ,NA,NA,6,6
646,3,39,KASTA,Dhanaura ,NA,NA,7,7
647,3,41,KASTA,Amroha,NA,NA,5,5
649,3,43,KASTA,Siwalkhas,NA,NA,7,7
650,3,44,KASTA,Sardhana,NA,NA,6,6
653,3,48,KASTA,Meerut  ,NA,NA,7,7
654,3,50,KASTA,Chhaprauli,NA,NA,8,8
656,3,52,KASTA,Baghpat,NA,NA,5,5
657,3,53,KASTA,Loni,NA,NA,5,5
659,3,58,KASTA,Dholana,NA,NA,6,6
660,3,59,KASTA,Hapur ,NA,NA,5,5
661,3,61,KASTA,Noida,NA,NA,4,4
662,3,62,KASTA,Dadri,NA,NA,4,4
663,3,63,KASTA,Jewar,NA,NA,5,5
665,3,66,KASTA,Syana,NA,NA,4,4
667,3,68,KASTA,Debai,NA,NA,5,5
668,3,70,KASTA,Khurja ,NA,NA,5,5
669,3,71,KASTA,Khair ,NA,NA,4,4
672,3,74,KASTA,Chharra,NA,NA,5,5
673,3,75,KASTA,Koil,NA,NA,4,4
674,3,76,KASTA,Aligarh,NA,NA,6,6
675,3,77,KASTA,Iglas ,NA,NA,5,5
676,3,78,KASTA,Hathras ,NA,NA,6,6
677,3,79,KASTA,Sadabad,NA,0.666666667,5,5
679,3,82,KASTA,Mant,NA,0.666666667,3,3
680,3,83,KASTA,Goverdhan,NA,NA,8,8
682,3,85,KASTA,Baldev ,NA,NA,6,6
683,3,86,KASTA,Etmadpur,NA,NA,7,7
684,3,88,KASTA,Agra South,NA,NA,7,7
686,3,94,KASTA,Bah,NA,NA,4,4
687,3,95,KASTA,Tundla ,NA,NA,6,6
688,3,96,KASTA,Jasrana,NA,NA,4,4
692,3,103,KASTA,Aliganj,NA,NA,6,6
693,3,104,KASTA,Etah,NA,0.666666667,4,4
694,3,105,KASTA,Marhara,NA,NA,5,5
695,3,106,KASTA,Jalesar ,NA,NA,6,6
696,3,107,KASTA,Mainpuri,NA,NA,7,7
697,3,108,KASTA,Bhongaon,NA,NA,7,7
699,3,111,KASTA,Gunnaur,NA,NA,6,6
700,3,112,KASTA,Bisauli ,NA,NA,7,7
701,3,113,KASTA,Sahaswan,NA,NA,5,5
702,3,114,KASTA,Bilsi,NA,NA,5,5
703,3,115,KASTA,Badaun,NA,NA,5,5
704,3,117,KASTA,Dataganj,NA,NA,6,6
705,3,118,KASTA,Baheri,NA,NA,5,5
706,3,119,KASTA,Meerganj,NA,NA,7,7
707,3,120,KASTA,Bhojipura,NA,NA,8,8
708,3,121,KASTA,Nawabganj,NA,NA,7,7
709,3,122,KASTA,Faridpur,NA,NA,7,7
710,3,124,KASTA,Bareilly,NA,NA,7,7
711,3,126,KASTA,Aonla,NA,NA,4,4
712,3,127,KASTA,Pilibhit,NA,NA,8,8
713,3,128,KASTA,Barkhera,NA,NA,6,6
714,3,129,KASTA,Puranpur,NA,NA,7,7
715,3,130,KASTA,Bisalpur,NA,NA,7,7
718,3,133,KASTA,Tilhar,NA,NA,5,5
721,3,137,KASTA,Palia,NA,NA,3,3
722,3,138,KASTA,Nighasan,NA,NA,6,6
723,3,139,KASTA,Gola Gokrannath,NA,NA,12,12
724,3,141,KASTA,Dhaurahra,NA,NA,7,7
725,3,142,KASTA,Lakhimpur,NA,NA,8,8
727,3,144,KASTA,Mohammdi,NA,NA,7,7
728,3,145,KASTA,Maholi,NA,NA,5,5
729,3,147,KASTA,Hargaon ,NA,NA,6,6
731,3,149,KASTA,Biswan,NA,NA,4,4
733,3,153,KASTA,Misrikh ,NA,NA,7,7
734,3,155,KASTA,Shahabad,NA,NA,6,6
735,3,156,KASTA,Hardoi,NA,NA,5,5
737,3,158,KASTA,Sandi ,NA,NA,5,5
738,3,160,KASTA,Balamau ,NA,NA,6,6
739,3,161,KASTA,Sandila,NA,NA,5,5
741,3,163,KASTA,Safipur ,NA,NA,7,7
742,3,164,KASTA,Mohan ,NA,NA,6,6
743,3,165,KASTA,Unnao,NA,NA,5,5
744,3,167,KASTA,Purwa,NA,NA,4,4
745,3,168,KASTA,Malihabad,NA,NA,7,7
747,3,178,KASTA,Tiloi,NA,NA,5,5
748,3,180,KASTA,Rae Bareli,NA,NA,8,8
749,3,181,KASTA,Salon ,NA,NA,5,5
750,3,182,KASTA,Sareni,NA,NA,5,5
751,3,184,KASTA,Jagdishpur ,NA,NA,9,9
752,3,185,KASTA,Gauriganj,NA,NA,7,7
754,3,187,KASTA,Isauli,NA,NA,5,5
755,3,188,KASTA,Sultanpur,NA,NA,NA,7
756,3,189,KASTA,Sadar,NA,NA,4,4
757,3,190,KASTA,Lambhua,NA,NA,5,5
758,3,191,KASTA,Kadipur ,NA,NA,6,6
760,3,193,KASTA,Amritpur,NA,NA,7,7
761,3,195,KASTA,Bhojpur,NA,NA,7,7
762,3,197,KASTA,Tirwa,NA,NA,4,4
765,3,201,KASTA,Bharthana ,NA,NA,7,7
766,3,202,KASTA,Bidhuna,NA,NA,6,6
767,3,204,KASTA,Auraiya ,NA,NA,6,6
769,3,207,KASTA,Sikandra,NA,NA,5,5
770,3,209,KASTA,Bilhaur,NA,NA,6,6
771,3,210,KASTA,Bithoor,NA,NA,7,7
775,3,221,KASTA,Orai ,NA,NA,5,5
776,3,222,KASTA,Babina,NA,NA,4,4
777,3,224,KASTA,Mauranipur ,NA,NA,9,9
778,3,225,KASTA,Garautha,NA,NA,5,5
780,3,227,KASTA,Mehroni ,NA,NA,8,8
781,3,228,KASTA,Hamirpur,NA,NA,7,7
782,3,229,KASTA,Rath ,NA,NA,4,4
783,3,230,KASTA,Mahoba,NA,NA,4,4
784,3,231,KASTA,Charkhari,NA,NA,7,7
785,3,233,KASTA,Baberu,NA,NA,5,5
786,3,234,KASTA,Naraini ,NA,NA,7,7
787,3,235,KASTA,Banda,NA,NA,3,3
788,3,236,KASTA,Chitrakoot,NA,NA,8,8
789,3,237,KASTA,Manikpur,NA,NA,7,7
790,3,239,KASTA,Bindki,NA,NA,6,6
791,3,240,KASTA,Fatehpur   ,NA,NA,10,10
792,3,241,KASTA,Ayah Shah,NA,NA,6,6
794,3,244,KASTA,Rampur Khas,NA,NA,9,9
795,3,245,KASTA,Babaganj,NA,NA,6,6
799,3,250,KASTA,Raniganj,NA,NA,6,6
800,3,251,KASTA,Sirathu,NA,NA,6,6
801,3,252,KASTA,Manjhanpur ,NA,NA,9,9
802,3,253,KASTA,Chail,NA,NA,5,5
803,3,254,KASTA,Phaphamau,NA,NA,7,7
804,3,255,KASTA,Soraon ,NA,NA,6,6
805,3,256,KASTA,Phulpur,NA,NA,7,7
807,3,258,KASTA,Handia,NA,NA,4,4
808,3,259,KASTA,Meja,NA,NA,4,4
810,3,264,KASTA,Bara ,NA,NA,4,4
811,3,265,KASTA,Koraon ,NA,NA,5,5
812,3,266,KASTA,Kursi,NA,NA,4,4
813,3,268,KASTA,Barabanki,NA,NA,7,7
814,3,269,KASTA,Zaidpur ,NA,NA,7,7
815,3,271,KASTA,Rudauli,NA,NA,6,6
816,3,273,KASTA,Milkipur ,NA,NA,8,8
817,3,274,KASTA,Bikapur,NA,NA,5,5
820,3,278,KASTA,Tanda,NA,0.666666667,3,3
821,3,279,KASTA,Alapur ,NA,NA,6,6
822,3,280,KASTA,Jalalpur,NA,NA,7,7
823,3,281,KASTA,Akbarpur  ,NA,NA,8,8
824,3,282,KASTA,Balha ,NA,NA,4,4
825,3,283,KASTA,Nanpara,NA,NA,5,5
827,3,285,KASTA,Mahasi,NA,NA,5,5
828,3,286,KASTA,Bahraich,NA,NA,6,6
829,3,287,KASTA,Payagpur,NA,NA,7,7
831,3,289,KASTA,Bhinga,NA,NA,5,5
832,3,290,KASTA,Shrawasti,NA,NA,6,6
833,3,291,KASTA,Tulsipur,NA,NA,7,7
835,3,293,KASTA,Utraula,NA,0.714285714,5,5
836,3,295,KASTA,Mehnaun,NA,NA,6,6
837,3,296,KASTA,Gonda,NA,NA,4,4
839,3,299,KASTA,Tarabganj,NA,NA,7,7
840,3,300,KASTA,Mankapur ,NA,NA,7,7
843,3,304,KASTA,Bansi,NA,NA,4,4
844,3,305,KASTA,Itwa,NA,NA,4,4
845,3,307,KASTA,Harraiya,NA,NA,6,6
846,3,308,KASTA,Kaptanganj,NA,NA,6,6
847,3,309,KASTA,Rudhauli,NA,NA,7,7
850,3,314,KASTA,Dhanghata ,NA,NA,7,7
851,3,315,KASTA,Pharenda,NA,NA,6,6
853,3,317,KASTA,Siswa,NA,NA,3,3
854,3,319,KASTA,Paniyara,NA,NA,6,6
855,3,321,KASTA,Pipraich,NA,NA,7,7
856,3,324,KASTA,Sahajanwa,NA,NA,7,7
860,3,330,KASTA,Padrauna,NA,NA,6,6
861,3,331,KASTA,Tamkuhi Raj,NA,NA,9,9
864,3,337,KASTA,Deoria,NA,NA,5,5
865,3,338,KASTA,Pathardeva,NA,NA,8,8
866,3,339,KASTA,Rampur Karkhana,NA,NA,12,12
868,3,341,KASTA,Salempur,NA,NA,7,7
869,3,342,KASTA,Barhaj,NA,NA,4,4
871,3,344,KASTA,Gopalpur,NA,NA,7,7
872,3,345,KASTA,Sagri,NA,NA,4,4
874,3,347,KASTA,Azamgarh,NA,NA,6,6
875,3,348,KASTA,Nizamabad,NA,NA,7,7
876,3,350,KASTA,Didarganj,NA,NA,7,7
878,3,353,KASTA,Madhuban,NA,NA,6,6
879,3,354,KASTA,Ghosi,NA,NA,5,5
880,3,356,KASTA,Mau,NA,NA,4,4
882,3,360,KASTA,Phephana,NA,NA,7,7
884,3,363,KASTA,Bairia,NA,NA,4,4
885,3,364,KASTA,Badlapur,NA,NA,6,6
886,3,365,KASTA,Shahganj,NA,NA,6,6
887,3,366,KASTA,Jaunpur,NA,NA,6,6
888,3,367,KASTA,Malhani,NA,NA,5,5
889,3,370,KASTA,Mariyahu,NA,NA,6,6
890,3,371,KASTA,Zafrabad,NA,NA,6,6
891,3,373,KASTA,Jakhanian ,NA,NA,7,7
892,3,374,KASTA,Saidpur ,NA,NA,7,7
893,3,375,KASTA,Ghazipur,NA,NA,7,7
894,3,376,KASTA,Jangipur,NA,NA,7,7
895,3,377,KASTA,Zahoorabad,NA,NA,8,8
896,3,379,KASTA,Zamania,NA,NA,5,5
899,3,383,KASTA,Chakia ,NA,NA,5,5
900,3,384,KASTA,Pindra,NA,NA,5,5
901,3,385,KASTA,Ajagara ,NA,NA,6,6
902,3,387,KASTA,Rohaniya,NA,NA,6,6
903,3,391,KASTA,Sevapuri,NA,NA,7,7
904,3,392,KASTA,Bhadohi,NA,NA,6,6
905,3,393,KASTA,Gyanpur,NA,NA,6,6
906,3,394,KASTA,Aurai ,NA,NA,5,5
907,3,395,KASTA,Chhanbey ,NA,NA,8,8
908,3,397,KASTA,Majhawan,NA,NA,6,6
909,3,398,KASTA,Chunar,NA,NA,5,5
910,3,399,KASTA,Marihan,NA,NA,5,5
911,3,400,KASTA,Ghorawal,NA,NA,7,7
912,3,401,KASTA,Robertsganj,NA,NA,9,9
913,3,402,KASTA,Obra,NA,NA,4,4
914,3,403,KASTA,Duddhi ,NA,NA,7,7
915,3,404,KASTA,,NA,NA,5,5
916,3,405,KASTA,,NA,NA,5,5
917,3,406,KASTA,,NA,NA,5,5
918,3,407,KASTA,,NA,NA,5,5
919,3,408,KASTA,,NA,NA,5,5
920,3,409,KASTA,,NA,NA,5,5
921,3,410,KASTA,,NA,NA,5,5
922,3,411,KASTA,,NA,NA,5,5
923,3,412,KASTA,,NA,NA,5,5
924,3,413,KASTA,,NA,NA,5,5
925,3,414,KASTA,,NA,NA,5,5
926,3,415,KASTA,,NA,NA,5,5
927,3,416,KASTA,,NA,NA,5,5
928,3,417,KASTA,,NA,NA,5,5
929,3,418,KASTA,,NA,NA,5,5
930,3,419,KASTA,,NA,NA,5,5
931,3,420,KASTA,,NA,NA,5,5
932,3,421,KASTA,,NA,NA,5,5
933,3,422,KASTA,,NA,NA,5,5
934,3,423,KASTA,,NA,NA,5,5
935,3,424,KASTA,,NA,NA,5,5
936,3,425,KASTA,,NA,NA,5,5
937,3,426,KASTA,,NA,NA,5,5
938,3,427,KASTA,,NA,NA,5,5
939,3,428,KASTA,,NA,NA,5,5
940,3,429,KASTA,,NA,NA,5,5
941,3,430,KASTA,,NA,NA,5,5
942,3,431,KASTA,,NA,NA,5,5
943,3,432,KASTA,,NA,NA,5,5
944,3,433,KASTA,,NA,NA,5,5
945,3,434,KASTA,,NA,NA,5,5
946,3,435,KASTA,,NA,NA,5,5
947,3,436,KASTA,,NA,NA,5,5
948,3,437,KASTA,,NA,NA,5,5
949,3,438,KASTA,,NA,NA,5,5
950,3,439,KASTA,,NA,NA,5,5
951,3,440,KASTA,,NA,NA,5,5
952,3,441,KASTA,,NA,NA,5,5
953,3,442,KASTA,,NA,NA,5,5
954,3,443,KASTA,,NA,NA,5,5
955,3,444,KASTA,,NA,NA,5,5
956,3,445,KASTA,,NA,NA,5,5
957,3,446,KASTA,,NA,NA,5,5
958,3,447,KASTA,,NA,NA,5,5
959,3,448,KASTA,,NA,NA,5,5
960,3,449,KASTA,,NA,NA,5,5
961,3,450,KASTA,,NA,NA,5,5
962,3,451,KASTA,,NA,NA,5,5
963,3,452,KASTA,,NA,NA,5,5
964,3,453,KASTA,,NA,NA,5,5
965,3,454,KASTA,,NA,NA,5,5
966,3,455,KASTA,,NA,NA,5,5
967,3,456,KASTA,,NA,NA,5,5
968,3,457,KASTA,,NA,NA,5,5
969,3,458,KASTA,,NA,NA,5,5
970,3,459,KASTA,,NA,NA,5,5
971,3,460,KASTA,,NA,NA,5,5
972,3,461,KASTA,,NA,NA,5,5
973,3,462,KASTA,,NA,NA,5,5
974,3,463,KASTA,,NA,NA,5,5
975,3,464,KASTA,,NA,NA,5,5
976,3,465,KASTA,,NA,NA,5,5
977,3,466,KASTA,,NA,NA,5,5
978,3,467,KASTA,,NA,NA,5,5
979,3,468,KASTA,,NA,NA,5,5
980,3,469,KASTA,,NA,NA,5,5
981,3,470,KASTA,,NA,NA,5,5
982,3,471,KASTA,,NA,NA,5,5
983,3,472,KASTA,,NA,NA,5,5
984,3,473,KASTA,,NA,NA,5,5
985,3,474,KASTA,,NA,NA,5,5
986,3,475,KASTA,,NA,NA,5,5
987,3,476,KASTA,,NA,NA,5,5
988,3,477,KASTA,,NA,NA,5,5
989,3,478,KASTA,,NA,NA,5,5
990,3,479,KASTA,,NA,NA,5,5
991,3,480,KASTA,,NA,NA,5,5
992,3,481,KASTA,,NA,NA,5,5
993,3,482,KASTA,,NA,NA,5,5
994,3,483,KASTA,,NA,NA,5,5
995,3,484,KASTA,,NA,NA,5,5
996,3,485,KASTA,,NA,NA,5,5
997,3,486,KASTA,,NA,NA,5,5
998,3,487,KASTA,,NA,NA,5,5
999,3,488,KASTA,,NA,NA,5,5
1000,3,489,KASTA,,NA,NA,5,5
1001,3,490,KASTA,,NA,NA,5,5
1002,3,491,KASTA,,NA,NA,5,5
1003,3,492,KASTA,,NA,NA,5,5
1004,3,493,KASTA,,NA,NA,5,5
1005,3,494,KASTA,,NA,NA,5,5
1006,3,495,KASTA,,NA,NA,5,5
1007,3,496,KASTA,,NA,NA,5,5
1008,3,497,KASTA,,NA,NA,5,5
1009,3,498,KASTA,,NA,NA,5,5
1010,3,499,KASTA,,NA,NA,5,5
1011,3,500,KASTA,,NA,NA,5,5
1012,3,501,KASTA,,NA,NA,5,5
1013,3,502,KASTA,,NA,NA,5,5
1014,3,503,KASTA,,NA,NA,5,5
1015,3,504,KASTA,,NA,NA,5,5
1016,3,505,KASTA,,NA,NA,5,5
1017,3,506,KASTA,,NA,NA,5,5
1018,3,507,KASTA,,NA,NA,5,5
1019,3,508,KASTA,,NA,NA,5,5
1020,3,509,KASTA,,NA,NA,5,5
1021,3,510,KASTA,,NA,NA,5,5
1022,3,511,KASTA,,NA,NA,5,5
1023,3,512,KASTA,,NA,NA,5,5
1024,3,513,KASTA,,NA,NA,5,5
1025,3,514,KASTA,,NA,NA,5,5
1026,3,515,KASTA,,NA,NA,5,5
1027,3,516,KASTA,,NA,NA,5,5
1028,3,517,KASTA,,NA,NA,5,5
1029,3,518,KASTA,,NA,NA,5,5
1030,3,519,KASTA,,NA,NA,5,5
1031,3,520,KASTA,,NA,NA,5,5
1032,3,521,KASTA,,NA,NA,5,5
1033,3,522,KASTA,,NA,NA,5,5
1034,3,523,KASTA,,NA,NA,5,5
1035,3,524,KASTA,,NA,NA,5,5
1036,3,525,KASTA,,NA,NA,5,5
1037,3,526,KASTA,,NA,NA,5,5
1038,3,527,KASTA,,NA,NA,5,5
1039,3,528,KASTA,,NA,NA,5,5
1040,3,529,KASTA,,NA,NA,5,5
1041,3,530,KASTA,,NA,NA,5,5
1042,3,531,KASTA,,NA,NA,5,5
1043,3,532,KASTA,,NA,NA,5,5
1044,3,533,KASTA,,NA,NA,5,5
1045,3,534,KASTA,,NA,NA,5,5
1046,3,535,KASTA,,NA,NA,5,5
1047,3,536,KASTA,,NA,NA,5,5
1048,3,537,KASTA,,NA,NA,5,5
1049,3,538,KASTA,,NA,NA,5,5
1050,3,539,KASTA,,NA,NA,5,5
1051,3,540,KASTA,,NA,NA,5,5
1052,3,541,KASTA,,NA,NA,5,5
1053,3,542,KASTA,,NA,NA,5,5
1054,3,543,KASTA,,NA,NA,5,5
1055,3,544,KASTA,,NA,NA,5,5
1056,3,545,KASTA,,NA,NA,5,5
1057,3,546,KASTA,,NA,NA,5,5
1058,3,547,KASTA,,NA,NA,5,5
1059,3,548,KASTA,,NA,NA,5,5
1060,3,549,KASTA,,NA,NA,5,5
1061,3,550,KASTA,,NA,NA,5,5
1062,3,551,KASTA,,NA,NA,5,5
1063,3,552,KASTA,,NA,NA,5,5
1064,3,553,KASTA,,NA,NA,5,5
1065,3,554,KASTA,,NA,NA,5,5
1066,3,555,KASTA,,NA,NA,5,5
1067,3,556,KASTA,,NA,NA,5,5
1068,3,557,KASTA,,NA,NA,5,5
1069,3,558,KASTA,,NA,NA,5,5
1070,3,559,KASTA,,NA,NA,5,5
1071,3,560,KASTA,,NA,NA,5,5
1072,3,561,KASTA,,NA,NA,5,5
1073,3,562,KASTA,,NA,NA,5,5
1074,3,563,KASTA,,NA,NA,5,5
1075,3,564,KASTA,,NA,NA,5,5
1076,3,565,KASTA,,NA,NA,5,5
1077,3,566,KASTA,,NA,NA,5,5
1078,3,567,KASTA,,NA,NA,5,5
1079,3,568,KASTA,,NA,NA,5,5
1080,3,569,KASTA,,NA,NA,5,5
1081,3,570,KASTA,,NA,NA,5,5
1082,3,571,KASTA,,NA,NA,5,5
1083,3,572,KASTA,,NA,NA,5,5
1084,3,573,KASTA,,NA,NA,5,5
1085,3,574,KASTA,,NA,NA,5,5
1086,3,575,KASTA,,NA,NA,5,5
1087,3,576,KASTA,,NA,NA,5,5
1088,3,577,KASTA,,NA,NA,5,5
1089,3,578,KASTA,,NA,NA,5,5
1090,3,579,KASTA,,NA,NA,5,5
1091,3,580,KASTA,,NA,NA,5,5
1092,3,581,KASTA,,NA,NA,5,5
1093,3,582,KASTA,,NA,NA,5,5
1094,3,583,KASTA,,NA,NA,5,5
1095,3,584,KASTA,,NA,NA,5,5
1096,3,585,KASTA,,NA,NA,5,5
1097,3,586,KASTA,,NA,NA,5,5
1098,3,587,KASTA,,NA,NA,5,5
1099,3,588,KASTA,,NA,NA,5,5
1100,3,589,KASTA,,NA,NA,5,5
1101,3,590,KASTA,,NA,NA,5,5
1102,3,591,KASTA,,NA,NA,5,5
1103,3,592,KASTA,,NA,NA,5,5
1104,3,593,KASTA,,NA,NA,5,5
1105,3,594,KASTA,,NA,NA,5,5
1106,3,595,KASTA,,NA,NA,5,5
1107,3,596,KASTA,,NA,NA,5,5
1108,3,597,KASTA,,NA,NA,5,5
1109,3,598,KASTA,,NA,NA,5,5
1110,3,599,KASTA,,NA,NA,5,5
1111,3,600,KASTA,,NA,NA,5,5
1112,3,601,KASTA,,NA,NA,5,5
1113,3,602,KASTA,,NA,NA,5,5
1114,3,603,KASTA,,NA,NA,5,5
1115,3,604,KASTA,,NA,NA,5,5
1116,3,605,KASTA,,NA,NA,5,5
1117,3,606,KASTA,,NA,NA,5,5
1118,3,607,KASTA,,NA,NA,5,5
1119,3,608,KASTA,,NA,NA,5,5
1120,3,609,KASTA,,NA,NA,5,5
1121,3,610,KASTA,,NA,NA,5,5
1122,3,611,KASTA,,NA,NA,5,5
1123,3,612,KASTA,,NA,NA,5,5
1124,3,613,KASTA,,NA,NA,5,5
1125,3,614,KASTA,,NA,NA,5,5
1126,3,615,KASTA,,NA,NA,5,5
1127,3,616,KASTA,,NA,NA,5,5
1128,3,617,KASTA,,NA,NA,5,5
1129,3,618,KASTA,,NA,NA,5,5
1130,3,619,KASTA,,NA,NA,5,5
1131,3,620,KASTA,,NA,NA,5,5
1132,3,621,KASTA,,NA,NA,5,5
1133,3,622,KASTA,,NA,NA,5,5
1134,3,623,KASTA,,NA,NA,5,5
1135,3,624,KASTA,,NA,NA,5,5
1136,3,625,KASTA,,NA,NA,5,5
1137,3,626,KASTA,,NA,NA,5,5
1138,3,627,KASTA,,NA,NA,5,5
1139,3,628,KASTA,,NA,NA,5,5
1140,3,629,KASTA,,NA,NA,5,5
1141,3,630,KASTA,,NA,NA,5,5
1142,3,631,KASTA,,NA,NA,5,5
1143,3,632,KASTA,,NA,NA,5,5
1144,3,633,KASTA,,NA,NA,5,5
1145,3,634,KASTA,,NA,NA,5,5
1146,3,635,KASTA,,NA,NA,5,5
1147,3,636,KASTA,,NA,NA,5,5
1148,3,637,KASTA,,NA,NA,5,5
1149,3,638,KASTA,,NA,NA,5,5
1150,3,639,KASTA,,NA,NA,5,5
1151,3,640,KASTA,,NA,NA,5,5
1152,3,641,KASTA,,NA,NA,5,5
1153,3,642,KASTA,,NA,NA,5,5
1154,3,643,KASTA,,NA,NA,5,5
1155,3,644,KASTA,,NA,NA,5,5
1156,3,645,KASTA,,NA,NA,5,5
1157,3,646,KASTA,,NA,NA,5,5
1158,3,647,KASTA,,NA,NA,5,5
1159,3,648,KASTA,,NA,NA,5,5
1160,3,649,KASTA,,NA,NA,5,5
1161,3,650,KASTA,,NA,NA,5,5
1162,3,651,KASTA,,NA,NA,5,5
1163,3,652,KASTA,,NA,NA,5,5
1164,3,653,KASTA,,NA,NA,5,5
1165,3,654,KASTA,,NA,NA,5,5
1166,3,655,KASTA,,NA,NA,5,5
1167,3,656,KASTA,,NA,NA,5,5
1168,3,657,KASTA,,NA,NA,5,5
1169,3,658,KASTA,,NA,NA,5,5
1170,3,659,KASTA,,NA,NA,5,5
1171,3,660,KASTA,,NA,NA,5,5
1172,3,661,KASTA,,NA,NA,5,5
1173,3,662,KASTA,,NA,NA,5,5
1174,3,663,KASTA,,NA,NA,5,5
1175,3,664,KASTA,,NA,NA,5,5
1176,3,665,KASTA,,NA,NA,5,5
1177,3,666,KASTA,,NA,NA,5,5
1178,3,667,KASTA,,NA,NA,5,5
1179,3,668,KASTA,,NA,NA,5,5
1180,3,669,KASTA,,NA,NA,5,5
1181,3,670,KASTA,,NA,NA,5,5
1182,3,671,KASTA,,NA,NA,5,5
1183,3,672,KASTA,,NA,NA,5,5
1184,3,673,KASTA,,NA,NA,5,5
1185,3,674,KASTA,,NA,NA,5,5
1186,3,675,KASTA,,NA,NA,5,5
1187,3,676,KASTA,,NA,NA,5,5
1188,3,677,KASTA,,NA,NA,5,5
1189,3,678,KASTA,,NA,NA,5,5
1190,3,679,KASTA,,NA,NA,5,5
1191,3,680,KASTA,,NA,NA,5,5
1192,3,681,KASTA,,NA,NA,5,5
1193,3,682,KASTA,,NA,NA,5,5
1194,3,683,KASTA,,NA,NA,5,5
1195,3,684,KASTA,,NA,NA,5,5
1196,3,685,KASTA,,NA,NA,5,5
1197,3,686,KASTA,,NA,NA,5,5
1198,3,687,KASTA,,NA,NA,5,5
1199,3,688,KASTA,,NA,NA,5,5
1200,3,689,KASTA,,NA,NA,5,5
1201,3,690,KASTA,,NA,NA,5,5
1202,3,691,KASTA,,NA,NA,5,5
1203,3,692,KASTA,,NA,NA,5,5
1204,3,693,KASTA,,NA,NA,5,5
1205,3,694,KASTA,,NA,NA,5,5
1206,3,695,KASTA,,NA,NA,5,5
1207,3,696,KASTA,,NA,NA,5,5
1208,3,697,KASTA,,NA,NA,5,5
1209,3,698,KASTA,,NA,NA,5,5
1210,3,699,KASTA,,NA,NA,5,5
1211,3,700,KASTA,,NA,NA,5,5
1212,3,701,KASTA,,NA,NA,5,5
1213,3,702,KASTA,,NA,NA,5,5
1214,3,703,KASTA,,NA,NA,5,5
1215,3,704,KASTA,,NA,NA,5,5
1216,3,705,KASTA,,NA,NA,5,5
1217,3,706,KASTA,,NA,NA,5,5
1218,3,707,KASTA,,NA,NA,5,5
1219,3,708,KASTA,,NA,NA,5,5
1220,3,709,KASTA,,NA,NA,5,5
1221,3,710,KASTA,,NA,NA,5,5
1222,3,711,KASTA,,NA,NA,5,5
1223,3,712,KASTA,,NA,NA,5,5
1224,3,713,KASTA,,NA,NA,5,5
1225,3,714,KASTA,,NA,NA,5,5
1226,3,715,KASTA,,NA,NA,5,5
1227,3,716,KASTA,,NA,NA,5,5
1228,3,717,KASTA,,NA,NA,5,5
1229,3,718,KASTA,,NA,NA,5,5
1230,3,719,KASTA,,NA,NA,5,5
1231,3,720,KASTA,,NA,NA,5,5
1232,3,721,KASTA,,NA,NA,5,5
1233,3,722,KASTA,,NA,NA,5,5
1234,3,723,KASTA,,NA,NA,5,5
1235,3,724,KASTA,,NA,NA,5,5
1236,3,725,KASTA,,NA,NA,5,5
1237,3,726,KASTA,,NA,NA,5,5
1238,3,727,KASTA,,NA,NA,5,5
1239,3,728,KASTA,,NA,NA,5,5
1240,3,729,KASTA,,NA,NA,5,5
1241,3,730,KASTA,,NA,NA,5,5
1242,3,731,KASTA,,NA,NA,5,5
1243,3,732,KASTA,,NA,NA,5,5
1244,3,733,KASTA,,NA,NA,5,5
1245,3,734,KASTA,,NA,NA,5,5
1246,3,735,KASTA,,NA,NA,5,5
1247,3,736,KASTA,,NA,NA,5,5
1248,3,737,KASTA,,NA,NA,5,5
1249,3,738,KASTA,,NA,NA,5,5
1250,3,739,KASTA,,NA,NA,5,5
1251,3,740,KASTA,,NA,NA,5,5
1252,3,741,KASTA,,NA,NA,5,5
1253,3,742,KASTA,,NA,NA,5,5
1254,3,743,KASTA,,NA,NA,5,5
1255,3,744,KASTA,,NA,NA,5,5
1256,3,745,KASTA,,NA,NA,5,5
1257,3,746,KASTA,,NA,NA,5,5
1258,3,747,KASTA,,NA,NA,5,5
1259,3,748,KASTA,,NA,NA,5,5
1260,3,749,KASTA,,NA,NA,5,5
1261,3,750,KASTA,,NA,NA,5,5
1262,3,751,KASTA,,NA,NA,5,5
1263,3,752,KASTA,,NA,NA,5,5
1264,3,753,KASTA,,NA,NA,5,5
1265,3,754,KASTA,,NA,NA,5,5
1266,3,755,KASTA,,NA,NA,5,5
1267,3,756,KASTA,,NA,NA,5,5
1268,3,757,KASTA,,NA,NA,5,5
1269,3,758,KASTA,,NA,NA,5,5
1270,3,759,KASTA,,NA,NA,5,5
1271,3,760,KASTA,,NA,NA,5,5
1272,3,761,KASTA,,NA,NA,5,5
1273,3,762,KASTA,,NA,NA,5,5
1274,3,763,KASTA,,NA,NA,5,5
1275,3,764,KASTA,,NA,NA,5,5
1276,3,765,KASTA,,NA,NA,5,5
1277,3,766,KASTA,,NA,NA,5,5
1278,3,767,KASTA,,NA,NA,5,5
1279,3,768,KASTA,,NA,NA,5,5
1280,3,769,KASTA,,NA,NA,5,5
1281,3,770,KASTA,,NA,NA,5,5
1282,3,771,KASTA,,NA,NA,5,5
1283,3,772,KASTA,,NA,NA,5,5
1284,3,773,KASTA,,NA,NA,5,5
1285,3,774,KASTA,,NA,NA,5,5
1286,3,775,KASTA,,NA,NA,5,5
1287,3,776,KASTA,,NA,NA,5,5
1288,3,777,KASTA,,NA,NA,5,5
1289,3,778,KASTA,,NA,NA,5,5
1290,3,779,KASTA,,NA,NA,5,5
1291,3,780,KASTA,,NA,NA,5,5
1292,3,781,KASTA,,NA,NA,5,5
1293,3,782,KASTA,,NA,NA,5,5
1294,3,783,KASTA,,NA,NA,5,5
1295,3,784,KASTA,,NA,NA,5,5
1296,3,785,KASTA,,NA,NA,5,5
1297,3,786,KASTA,,NA,NA,5,5
1298,3,787,KASTA,,NA,NA,5,5
1299,3,788,KASTA,,NA,NA,5,5
1300,3,789,KASTA,,NA,NA,5,5
1301,3,790,KASTA,,NA,NA,5,5
1302,3,791,KASTA,,NA,NA,5,5
1303,3,792,KASTA,,NA,NA,5,5
1304,3,793,KASTA,,NA,NA,5,5
1305,3,794,KASTA,,NA,NA,5,5
1306,3,795,KASTA,,NA,NA,5,5
1307,3,796,KASTA,,NA,NA,5,5
1308,3,797,KASTA,,NA,NA,5,5
1309,3,798,KASTA,,NA,NA,5,5
1310,3,799,KASTA,,NA,NA,5,5
1311,3,800,KASTA,,NA,NA,5,5
1312,3,801,KASTA,,NA,NA,5,5
1313,3,802,KASTA,,NA,NA,5,5
1314,3,803,KASTA,,NA,NA,5,5
1315,3,804,KASTA,,NA,NA,5,5
1316,3,805,KASTA,,NA,NA,5,5
1317,3,806,KASTA,,NA,NA,5,5
1318,3,807,KASTA,,NA,NA,5,5
1319,3,808,KASTA,,NA,NA,5,5
1320,3,809,KASTA,,NA,NA,5,5
1321,3,810,KASTA,,NA,NA,5,5
1322,3,811,KASTA,,NA,NA,5,5
1323,3,812,KASTA,,NA,NA,5,5
1324,3,813,KASTA,,NA,NA,5,5
1325,3,814,KASTA,,NA,NA,5,5
1326,3,815,KASTA,,NA,NA,5,5
1327,3,816,KASTA,,NA,NA,5,5
1328,3,817,KASTA,,NA,NA,5,5
1329,3,818,KASTA,,NA,NA,5,5
1330,3,819,KASTA,,NA,NA,5,5
1331,3,820,KASTA,,NA,NA,5,5
1332,3,821,KASTA,,NA,NA,5,5
1333,3,822,KASTA,,NA,NA,5,5
1334,3,823,KASTA,,NA,NA,5,5
1335,3,824,KASTA,,NA,NA,5,5
1336,3,825,KASTA,,NA,NA,5,5
1337,3,826,KASTA,,NA,NA,5,5
1338,3,827,KASTA,,NA,NA,5,5
1339,3,828,KASTA,,NA,NA,5,5
1340,3,829,KASTA,,NA,NA,5,5
1341,3,830,KASTA,,NA,NA,5,5
1342,3,831,KASTA,,NA,NA,5,5
1343,3,832,KASTA,,NA,NA,5,5
1344,3,833,KASTA,,NA,NA,5,5
1345,3,834,KASTA,,NA,NA,5,5
1346,3,835,KASTA,,NA,NA,5,5
1347,3,836,KASTA,,NA,NA,5,5
1348,3,837,KASTA,,NA,NA,5,5
1349,3,838,KASTA,,NA,NA,5,5
1350,3,839,KASTA,,NA,NA,5,5
1351,3,840,KASTA,,NA,NA,5,5
1352,3,841,KASTA,,NA,NA,5,5
1353,3,842,KASTA,,NA,NA,5,5
1354,3,843,KASTA,,NA,NA,5,5
1355,3,844,KASTA,,NA,NA,5,5
1356,3,845,KASTA,,NA,NA,5,5
1357,3,846,KASTA,,NA,NA,5,5
1358,3,847,KASTA,,NA,NA,5,5
1359,3,848,KASTA,,NA,NA,5,5
1360,3,849,KASTA,,NA,NA,5,5
1361,3,850,KASTA,,NA,NA,5,5
1362,3,851,KASTA,,NA,NA,5,5
1363,3,852,KASTA,,NA,NA,5,5
1364,3,853,KASTA,,NA,NA,5,5
1365,3,854,KASTA,,NA,NA,5,5
1366,3,855,KASTA,,NA,NA,5,5
1367,3,856,KASTA,,NA,NA,5,5
1368,3,857,KASTA,,NA,NA,5,5
1369,3,858,KASTA,,NA,NA,5,5
1370,3,859,KASTA,,NA,NA,5,5
1371,3,860,KASTA,,NA,NA,5,5
1372,3,861,KASTA,,NA,NA,5,5
1373,3,862,KASTA,,NA,NA,5,5
1374,3,863,KASTA,,NA,NA,5,5
1375,3,864,KASTA,,NA,NA,5,5
1376,3,865,KASTA,,NA,NA,5,5
1377,3,866,KASTA,,NA,NA,5,5
1378,3,867,KASTA,,NA,NA,5,5
1379,3,868,KASTA,,NA,NA,5,5
1380,3,869,KASTA,,NA,NA,5,5
1381,3,870,KASTA,,NA,NA,5,5
1382,3,871,KASTA,,NA,NA,5,5
1383,3,872,KASTA,,NA,NA,5,5
1384,3,873,KASTA,,NA,NA,5,5
1385,3,874,KASTA,,NA,NA,5,5
1386,3,875,KASTA,,NA,NA,5,5
1387,3,876,KASTA,,NA,NA,5,5
1388,3,877,KASTA,,NA,NA,5,5
1389,3,878,KASTA,,NA,NA,5,5
1390,3,879,KASTA,,NA,NA,5,5
1391,3,880,KASTA,,NA,NA,5,5
1392,3,881,KASTA,,NA,NA,5,5
1393,3,882,KASTA,,NA,NA,5,5
1394,3,883,KASTA,,NA,NA,5,5
1395,3,884,KASTA,,NA,NA,5,5
1396,3,885,KASTA,,NA,NA,5,5
1397,3,886,KASTA,,NA,NA,5,5
1398,3,887,KASTA,,NA,NA,5,5
1399,3,888,KASTA,,NA,NA,5,5
1400,3,889,KASTA,,NA,NA,5,5
1401,3,890,KASTA,,NA,NA,5,5
1402,3,891,KASTA,,NA,NA,5,5
1403,3,892,KASTA,,NA,NA,5,5
1404,3,893,KASTA,,NA,NA,5,5
1405,3,894,KASTA,,NA,NA,5,5
1406,3,895,KASTA,,NA,NA,5,5
1407,3,896,KASTA,,NA,NA,5,5
1408,3,897,KASTA,,NA,NA,5,5
1409,3,898,KASTA,,NA,NA,5,5
1410,3,899,KASTA,,NA,NA,5,5
1411,3,900,KASTA,,NA,NA,5,5
1412,3,901,KASTA,,NA,NA,5,5
1413,3,902,KASTA,,NA,NA,5,5
1414,3,903,KASTA,,NA,NA,5,5
1415,3,904,KASTA,,NA,NA,5,5
1416,3,905,KASTA,,NA,NA,5,5
1417,3,906,KASTA,,NA,NA,5,5
1418,3,907,KASTA,,NA,NA,5,5
1419,3,908,KASTA,,NA,NA,5,5
1420,3,909,KASTA,,NA,NA,5,5
1421,3,910,KASTA,,NA,NA,5,5
1422,3,911,KASTA,,NA,NA,5,5
1423,3,912,KASTA,,NA,NA,5,5
1424,3,913,KASTA,,NA,NA,5,5
1425,3,914,KASTA,,NA,NA,5,5
1426,3,915,KASTA,,NA,NA,5,5
1427,3,916,KASTA,,NA,NA,5,5
1428,3,917,KASTA,,NA,NA,5,5
1429,3,918,KASTA,,NA,NA,5,5
1430,3,919,KASTA,,NA,NA,5,5
1431,3,920,KASTA,,NA,NA,5,5
1432,3,921,KASTA,,NA,NA,5,5
1433,3,922,KASTA,,NA,NA,5,5
1434,3,923,KASTA,,NA,NA,5,5
1435,3,924,KASTA,,NA,NA,5,5
1436,3,925,KASTA,,NA,NA,5,5
1437,3,926,KASTA,,NA,NA,5,5
1438,3,927,KASTA,,NA,NA,5,5
1439,3,928,KASTA,,NA,NA,5,5
1440,3,929,KASTA,,NA,NA,5,5
1441,3,930,KASTA,,NA,NA,5,5
1442,3,931,KASTA,,NA,NA,5,5
1443,3,932,KASTA,,NA,NA,5,5
1444,3,933,KASTA,,NA,NA,5,5
1445,3,934,KASTA,,NA,NA,5,5
1446,3,935,KASTA,,NA,NA,5,5
1447,3,936,KASTA,,NA,NA,5,5
1448,3,937,KASTA,,NA,NA,5,5
1449,3,938,KASTA,,NA,NA,5,5
1450,3,939,KASTA,,NA,NA,5,5
1451,3,940,KASTA,,NA,NA,5,5
1454,4,16,Kerakat S.C.,Meerapur,NA,0.75,NA,NA
1455,4,21,Kerakat S.C.,Nehtaur,NA,0.666666667,NA,NA
1457,4,40,Kerakat S.C.,Naugawan Sadat,NA,NA,10,10
1458,4,46,Kerakat S.C.,Kithore,NA,0.666666667,NA,NA
1459,4,47,Kerakat S.C.,Meerut Cantt.,NA,0.416666667,NA,NA
1462,4,60,Kerakat S.C.,Garhmukteshwar,NA,0.571428571,NA,NA
1463,4,63,Kerakat S.C.,Jewar,NA,0.727272727,NA,NA
1465,4,78,Kerakat S.C.,Hathras ,NA,0.5,NA,NA
1467,4,87,Kerakat S.C.,Agra Cantt. ,NA,0.454545455,NA,NA
1468,4,91,Kerakat S.C.,Fatehpur Sikri,NA,0.5,NA,NA
1469,4,92,Kerakat S.C.,Kheragarh,NA,0.636363636,NA,NA
1470,4,106,Kerakat S.C.,Jalesar ,NA,0.545454545,NA,NA
1471,4,116,Kerakat S.C.,Shekhupur,NA,0.666666667,NA,NA
1472,4,125,Kerakat S.C.,Bareilly Cantt.,NA,0.5,NA,NA
1473,4,128,Kerakat S.C.,Barkhera,NA,0.636363636,NA,NA
1474,4,194,Kerakat S.C.,Farrukhabad,NA,0.785714286,NA,NA
1475,4,216,Kerakat S.C.,Kanpur Cantt.,NA,0.416666667,NA,NA
1477,4,233,Kerakat S.C.,Baberu,NA,0.727272727,NA,NA
1478,4,236,Kerakat S.C.,Chitrakoot,NA,0.583333333,NA,NA
1479,4,240,Kerakat S.C.,Fatehpur   ,NA,0.615384615,NA,NA
1484,4,277,Kerakat S.C.,Katehari,NA,0.545454545,NA,NA
1485,4,281,Kerakat S.C.,Akbarpur  ,NA,0.666666667,NA,NA
1486,4,284,Kerakat S.C.,Matera,NA,0.6,NA,NA
1487,4,297,Kerakat S.C.,Katra Bazar,NA,0.545454545,NA,NA
1488,4,322,Kerakat S.C.,Gorakhpur Urban,NA,NA,11,11
1489,4,323,Kerakat S.C.,Gorakhpur Rural,NA,NA,11,11
1490,4,338,Kerakat S.C.,Pathardeva,NA,0.692307692,NA,NA
1491,4,346,Kerakat S.C.,Mubarakpur,NA,0.769230769,NA,NA
1492,4,357,Kerakat S.C.,Belthara Road ,NA,0.642857143,NA,NA
1495,4,388,Kerakat S.C.,Varanasi North,NA,NA,10,10
1496,4,389,Kerakat S.C.,Varanasi South,NA,NA,9,9
1501,5,43,Kishani (SC),Siwalkhas,NA,0.583333333,NA,NA
1503,5,69,Kishani (SC),Shikarpur,NA,0.615384615,NA,NA
1506,5,98,Kishani (SC),Shikohabad,NA,0.615384615,NA,NA
1517,5,179,Kishani (SC),Harchandpur,NA,0.714285714,NA,NA
1519,5,183,Kishani (SC),Unchahar,NA,0.666666667,NA,NA
1521,5,198,Kishani (SC),Kannauj ,NA,0.666666667,NA,NA
1522,5,202,Kishani (SC),Bidhuna,NA,0.692307692,NA,NA
1523,5,231,Kishani (SC),Charkhari,NA,0.545454545,NA,NA
1526,5,258,Kishani (SC),Handia,NA,0.636363636,NA,NA
1527,5,260,Kishani (SC),Karachhana,NA,0.545454545,NA,NA
1530,5,325,Kishani (SC),Khajani ,NA,0.454545455,NA,NA
1531,5,339,Kishani (SC),Rampur Karkhana,NA,0.642857143,NA,NA
1532,5,360,Kishani (SC),Phephana,NA,0.75,NA,NA
1533,5,362,Kishani (SC),Bansdih,NA,0.583333333,NA,NA
1534,5,373,Kishani (SC),Jakhanian ,NA,0.454545455,NA,NA
1535,5,381,Kishani (SC),Sakaldiha,NA,0.583333333,NA,NA
1536,5,383,Kishani (SC),Chakia ,NA,0.4,NA,NA
1539,5,398,Kishani (SC),Chunar,NA,0.666666667,NA,NA
1540,5,403,Kishani (SC),Duddhi ,NA,0.75,NA,NA
1542,6,6,Machhlishahr S.C.,Rampur Maniharan ,NA,0.538461538,NA,NA
1544,6,12,Machhlishahr S.C.,Charthawal,NA,0.583333333,NA,NA
1547,6,27,Machhlishahr S.C.,Moradabad Rural,NA,0.642857143,NA,NA
1548,6,30,Machhlishahr S.C.,Bilari,NA,0.636363636,NA,NA
1549,6,32,Machhlishahr S.C.,Asmoli,NA,0.545454545,NA,NA
1551,6,35,Machhlishahr S.C.,Chamraua,NA,0.545454545,NA,NA
1553,6,37,Machhlishahr S.C.,Rampur  ,NA,0.666666667,NA,NA
1555,6,41,Machhlishahr S.C.,Amroha,NA,0.636363636,NA,NA
1558,6,59,Machhlishahr S.C.,Hapur ,NA,0.666666667,NA,NA
1559,6,72,Machhlishahr S.C.,Barauli,NA,0.666666667,NA,NA
1560,6,73,Machhlishahr S.C.,Atrauli,NA,0.666666667,NA,NA
1565,6,84,Machhlishahr S.C.,Mathura,NA,0.666666667,NA,NA
1567,6,105,Machhlishahr S.C.,Marhara,NA,0.6,NA,NA
1570,6,110,Machhlishahr S.C.,Karhal,NA,0.636363636,NA,NA
1571,6,118,Machhlishahr S.C.,Baheri,NA,0.666666667,NA,NA
1572,6,120,Machhlishahr S.C.,Bhojipura,NA,0.733333333,NA,NA
1573,6,124,Machhlishahr S.C.,Bareilly,NA,0.692307692,NA,NA
1574,6,130,Machhlishahr S.C.,Bisalpur,NA,0.615384615,NA,NA
1575,6,133,Machhlishahr S.C.,Tilhar,NA,0.545454545,NA,NA
1576,6,136,Machhlishahr S.C.,Dadraul,NA,0.75,NA,NA
1578,6,141,Machhlishahr S.C.,Dhaurahra,NA,0.75,NA,NA
1580,6,144,Machhlishahr S.C.,Mohammdi,NA,0.666666667,NA,NA
1582,6,148,Machhlishahr S.C.,Laharpur,NA,0.666666667,NA,NA
1583,6,152,Machhlishahr S.C.,Sidhauli ,NA,0.5,NA,NA
1584,6,153,Machhlishahr S.C.,Misrikh ,NA,0.454545455,NA,NA
1585,6,156,Machhlishahr S.C.,Hardoi,NA,0.666666667,NA,NA
1586,6,168,Machhlishahr S.C.,Malihabad,NA,0.583333333,NA,NA
1587,6,176,Machhlishahr S.C.,Mohanlalganj ,NA,0.642857143,NA,NA
1588,6,180,Machhlishahr S.C.,Rae Bareli,NA,0.583333333,NA,NA
1590,6,186,Machhlishahr S.C.,Amethi,NA,0.666666667,NA,NA
1591,6,187,Machhlishahr S.C.,Isauli,NA,0.636363636,NA,NA
1593,6,193,Machhlishahr S.C.,Amritpur,NA,0.692307692,NA,NA
1596,6,209,Machhlishahr S.C.,Bilhaur,NA,0.583333333,NA,NA
1597,6,210,Machhlishahr S.C.,Bithoor,NA,0.769230769,NA,NA
1598,6,213,Machhlishahr S.C.,Sishamau,NA,0.545454545,NA,NA
1599,6,217,Machhlishahr S.C.,Maharajpur,NA,0.692307692,NA,NA
1600,6,218,Machhlishahr S.C.,Ghatampur ,NA,0.642857143,NA,NA
1601,6,219,Machhlishahr S.C.,Madhaugarh,NA,0.692307692,NA,NA
1602,6,226,Machhlishahr S.C.,Lalitpur,NA,0.692307692,NA,NA
1609,6,244,Machhlishahr S.C.,Rampur Khas,NA,0.538461538,NA,NA
1610,6,251,Machhlishahr S.C.,Sirathu,NA,0.583333333,NA,NA
1613,6,254,Machhlishahr S.C.,Phaphamau,NA,0.75,NA,NA
1621,6,285,Machhlishahr S.C.,Mahasi,NA,0.5,NA,NA
1622,6,286,Machhlishahr S.C.,Bahraich,NA,0.545454545,NA,NA
1623,6,291,Machhlishahr S.C.,Tulsipur,NA,0.692307692,NA,NA
1624,6,294,Machhlishahr S.C.,Balrampur ,NA,0.615384615,NA,NA
1626,6,307,Machhlishahr S.C.,Harraiya,NA,0.636363636,NA,NA
1627,6,309,Machhlishahr S.C.,Rudhauli,NA,0.583333333,NA,NA
1628,6,321,Machhlishahr S.C.,Pipraich,NA,0.545454545,NA,NA
1629,6,323,Machhlishahr S.C.,Gorakhpur Rural,NA,0.666666667,NA,NA
1630,6,326,Machhlishahr S.C.,Chauri-Chaura,NA,0.583333333,NA,NA
1633,6,335,Machhlishahr S.C.,Ramkola,NA,0.666666667,NA,NA
1635,6,343,Machhlishahr S.C.,Atrauliya,NA,0.692307692,NA,NA
1637,6,347,Machhlishahr S.C.,Azamgarh,NA,0.666666667,NA,NA
1638,6,349,Machhlishahr S.C.,Phoolpur Pawai,NA,0.571428571,NA,NA
1639,6,356,Machhlishahr S.C.,Mau,NA,0.818181818,NA,NA
1640,6,367,Machhlishahr S.C.,Malhani,NA,0.545454545,NA,NA
1642,6,370,Machhlishahr S.C.,Mariyahu,NA,0.583333333,NA,NA
1644,6,380,Machhlishahr S.C.,Mughalsarai,NA,0.416666667,NA,NA
1646,6,386,Machhlishahr S.C.,Shivpur,NA,0.692307692,NA,NA
1648,6,396,Machhlishahr S.C.,Mirzapur,NA,0.692307692,NA,NA
1649,6,399,Machhlishahr S.C.,Marihan,NA,0.545454545,NA,NA
1650,6,400,Machhlishahr S.C.,Ghorawal,NA,0.692307692,NA,NA
1653,7,5,Mahadewa S.C,Deoband,NA,0.769230769,NA,NA
1658,7,68,Mahadewa S.C,Debai,NA,0.75,NA,NA
1659,7,93,Mahadewa S.C,Fatehabad,NA,0.692307692,NA,NA
1665,7,200,Mahadewa S.C,Etawah,NA,0.636363636,NA,NA
1671,7,259,Mahadewa S.C,Meja,NA,0.727272727,NA,NA
1673,7,275,Mahadewa S.C,Ayodhya,NA,0.75,NA,NA
1678,7,315,Mahadewa S.C,Pharenda,NA,0.692307692,NA,NA
1684,7,368,Mahadewa S.C,Mungra Badshahpur,NA,NA,12,12
1689,8,2,SRI NAGAR,Nakur,NA,0.666666667,NA,NA
1691,8,4,SRI NAGAR,Saharanpur  ,NA,0.5,NA,NA
1694,8,8,SRI NAGAR,Kairana,NA,0.5,NA,NA
1695,8,9,SRI NAGAR,Thana Bhawan,NA,NA,9,9
1696,8,13,SRI NAGAR,Purqazi ,NA,0.636363636,NA,NA
1699,8,18,SRI NAGAR,Nagina ,NA,0.285714286,NA,NA
1705,8,39,SRI NAGAR,Dhanaura ,NA,0.6,NA,NA
1706,8,42,SRI NAGAR,Hasanpur,NA,0.6,NA,NA
1708,8,45,SRI NAGAR,Hastinapur ,NA,0.454545455,NA,NA
1709,8,53,SRI NAGAR,Loni,NA,0.777777778,NA,NA
1717,8,66,SRI NAGAR,Syana,NA,0.625,NA,NA
1718,8,67,SRI NAGAR,Anupshahr,NA,0.6,NA,NA
1720,8,77,SRI NAGAR,Iglas ,NA,0.375,NA,NA
1723,8,88,SRI NAGAR,Agra South,NA,0.545454545,NA,NA
1731,8,101,SRI NAGAR,Amanpur,NA,0.7,NA,NA
1732,8,107,SRI NAGAR,Mainpuri,NA,0.6,NA,NA
1734,8,115,SRI NAGAR,Badaun,NA,0.8,NA,NA
1735,8,116,SRI NAGAR,Shekhupur,NA,NA,7,7
1741,8,135,SRI NAGAR,Shahjahanpur,NA,NA,8,8
1742,8,138,SRI NAGAR,Nighasan,NA,0.375,NA,NA
1743,8,139,SRI NAGAR,Gola Gokrannath,NA,0.583333333,NA,NA
1746,8,147,SRI NAGAR,Hargaon ,NA,0.444444444,NA,NA
1747,8,152,SRI NAGAR,Sidhauli ,NA,NA,7,7
1750,8,157,SRI NAGAR,Gopamau ,NA,0.727272727,NA,NA
1751,8,158,SRI NAGAR,Sandi ,NA,0.375,NA,NA
1752,8,159,SRI NAGAR,Bilgram-Mallanwan,NA,0.583333333,NA,NA
1754,8,162,SRI NAGAR,Bangermau,NA,0.636363636,NA,NA
1756,8,166,SRI NAGAR,Bhagwantnagar,NA,NA,8,8
1758,8,169,SRI NAGAR,Bakshi Kaa Talab,NA,NA,11,11
1762,8,181,SRI NAGAR,Salon ,NA,0.555555556,NA,NA
1765,8,184,SRI NAGAR,Jagdishpur ,NA,0.5,NA,NA
1768,8,189,SRI NAGAR,Sadar,NA,0.625,NA,NA
1769,8,191,SRI NAGAR,Kadipur ,NA,0.636363636,NA,NA
1770,8,192,SRI NAGAR,Kaimganj ,NA,0.5,NA,NA
1772,8,194,SRI NAGAR,Farrukhabad,NA,NA,8,8
1773,8,196,SRI NAGAR,Chhibramau,NA,NA,7,7
1774,8,199,SRI NAGAR,Jaswantnagar,NA,NA,6,6
1775,8,201,SRI NAGAR,Bharthana ,NA,0.6,NA,NA
1778,8,204,SRI NAGAR,Auraiya ,NA,0.555555556,NA,NA
1779,8,206,SRI NAGAR,Akbarpur - Raniya,NA,0.615384615,NA,NA
1787,8,215,SRI NAGAR,Kidwai Nagar,NA,0.4,5,5
1788,8,219,SRI NAGAR,Madhaugarh,NA,NA,7,7
1795,8,234,SRI NAGAR,Naraini ,NA,0.285714286,NA,NA
1796,8,235,SRI NAGAR,Banda,NA,0.777777778,NA,NA
1797,8,237,SRI NAGAR,Manikpur,NA,0.636363636,NA,NA
1798,8,238,SRI NAGAR,Jahanabad,NA,NA,6,6
1799,8,242,SRI NAGAR,Husainganj,NA,NA,7,7
1800,8,248,SRI NAGAR,Pratapgarh,NA,NA,6,6
1801,8,250,SRI NAGAR,Raniganj,NA,0.375,NA,NA
1804,8,264,SRI NAGAR,Bara ,NA,0.625,NA,NA
1805,8,265,SRI NAGAR,Koraon ,NA,0.555555556,NA,NA
1806,8,266,SRI NAGAR,Kursi,NA,0.666666667,NA,NA
1809,8,269,SRI NAGAR,Zaidpur ,NA,0.636363636,NA,NA
1815,8,288,SRI NAGAR,Kaiserganj,NA,0.4,NA,NA
1818,8,292,SRI NAGAR,Gainsari,NA,0.142857143,NA,NA
1821,8,297,SRI NAGAR,Katra Bazar,NA,NA,6,6
1822,8,298,SRI NAGAR,Colonelganj,NA,NA,8,8
1823,8,300,SRI NAGAR,Mankapur ,NA,0.636363636,NA,NA
1824,8,301,SRI NAGAR,Gaura,NA,0.625,NA,NA
1826,8,304,SRI NAGAR,Bansi,NA,0.5,NA,NA
1827,8,306,SRI NAGAR,Doomariyaganj,NA,0.583333333,9,9
1829,8,310,SRI NAGAR,Basti Sadar,NA,0.5,5,5
1830,8,312,SRI NAGAR,Menhdawal,NA,NA,7,7
1832,8,318,SRI NAGAR,Maharajganj ,NA,0.5,NA,NA
1834,8,320,SRI NAGAR,Caimpiyarganj,NA,0.583333333,9,9
1838,8,327,SRI NAGAR,Bansgaon,NA,0.555555556,NA,NA
1839,8,328,SRI NAGAR,Chillupar,NA,NA,6,6
1841,8,332,SRI NAGAR,Fazilnagar,NA,0.5,4,4
1845,8,340,SRI NAGAR,Bhatpar Rani,NA,0.545454545,NA,NA
1846,8,344,SRI NAGAR,Gopalpur,NA,0.727272727,NA,NA
1848,8,346,SRI NAGAR,Mubarakpur,NA,NA,8,8
1852,8,350,SRI NAGAR,Didarganj,NA,0.444444444,NA,NA
1855,8,358,SRI NAGAR,Rasara,NA,0.571428571,NA,NA
1858,8,363,SRI NAGAR,Bairia,NA,0.625,NA,NA
1864,8,375,SRI NAGAR,Ghazipur,NA,0.636363636,NA,NA
1866,8,379,SRI NAGAR,Zamania,NA,0.666666667,NA,NA
1875,8,393,SRI NAGAR,Gyanpur,NA,0.6,NA,NA
1876,8,394,SRI NAGAR,Aurai ,NA,0.5,NA,NA
1882,9,7,Vishwanathganj,Gangoh,NA,0.636363636,NA,NA
1886,9,40,Vishwanathganj,Naugawan Sadat,NA,0.538461538,NA,NA
1887,9,52,Vishwanathganj,Baghpat,NA,0.666666667,NA,NA
1888,9,56,Vishwanathganj,Ghaziabad,NA,0.692307692,NA,NA
1895,9,100,Vishwanathganj,Kasganj,NA,0.545454545,NA,NA
1896,9,103,Vishwanathganj,Aliganj,NA,0.545454545,NA,NA
1908,9,154,Vishwanathganj,Sawaijpur,NA,0.615384615,NA,NA
1918,9,225,Vishwanathganj,Garautha,NA,0.666666667,NA,NA
1919,9,232,Vishwanathganj,Tindwari,NA,0.583333333,NA,NA
1920,9,238,Vishwanathganj,Jahanabad,NA,0.666666667,NA,NA
1924,9,248,Vishwanathganj,Pratapgarh,NA,0.666666667,NA,NA
1931,9,289,Vishwanathganj,Bhinga,NA,0.545454545,NA,NA
1933,9,298,Vishwanathganj,Colonelganj,NA,0.714285714,NA,NA
1935,9,302,Vishwanathganj,Shohratgarh,NA,0.583333333,NA,NA
1941,9,316,Vishwanathganj,Nautanwa,NA,0.636363636,NA,NA
1942,9,317,Vishwanathganj,Siswa,NA,0.6,NA,NA
1948,9,351,Vishwanathganj,Lalganj,NA,0.636363636,NA,NA
1949,9,354,Vishwanathganj,Ghosi,NA,0.636363636,NA,NA
1953,9,397,Vishwanathganj,Majhawan,NA,0.545454545,NA,NA
1954,9,401,Vishwanathganj,Robertsganj,NA,0.571428571,NA,NA
